attrition,age,income,overtime
0,44,6467,1
0,41,6201,0
1,25,4017,1
0,28,6360,1
1,58,2369,0
1,30,4317,0
0,47,6715,1
0,44,6839,0
0,47,6395,1
0,55,6998,0
1,32,4237,1
0,28,5236,0
0,41,5578,0
0,37,5582,0
1,41,5710,0
0,32,3453,1
1,28,2915,1
1,29,3056,0
0,50,6993,1
1,35,5632,1
0,57,6202,0
1,47,4027,1
0,28,6043,0
0,27,5356,1
0,47,6529,0
1,36,5244,1
1,49,4729,0
1,39,3863,0
1,45,5153,1
1,49,5438,1
1,27,3575,0
1,30,4180,0
0,40,5257,1
1,52,3656,1
0,48,6897,0
1,59,5134,1
1,47,5222,1
1,54,3558,1
0,56,5900,1
0,40,6334,0
1,36,2530,1
0,28,6134,0
1,46,2218,0
0,59,5128,0
1,55,5445,1
1,49,4597,0
1,41,5789,1
1,36,5169,0
0,41,5514,0
0,31,3590,1
0,36,6192,1
1,50,5514,1
1,49,2479,1
1,25,3486,1
0,53,5358,1
0,54,6412,0
0,26,6719,1
0,42,5343,0
1,43,3235,1
1,50,2485,0
0,50,6391,0
0,31,4202,0
0,43,5663,0
1,58,4007,0
1,29,2096,0
0,27,6185,0
1,46,3299,0
1,39,2936,0
0,32,5133,0
1,56,4026,1
1,56,4415,0
0,30,6504,1
1,36,4220,1
1,26,5931,0
0,53,6317,1
1,33,2841,0
0,49,4849,1
1,40,3569,0
1,29,5526,0
0,56,5131,0
1,50,4375,0
0,26,5585,0
1,29,2523,1
1,43,4797,0
0,29,6660,1
0,30,6004,0
1,44,4203,1
0,25,5395,0
0,58,6536,0
0,50,4872,1
1,30,4976,1
1,31,3496,1
1,25,3262,1
1,54,2908,0
1,46,4132,0
1,39,5050,1
0,57,5168,1
0,38,5082,0
0,38,4061,1
1,26,2246,1
1,32,5904,0
0,54,4880,0
1,42,2075,0
1,29,2793,1
1,37,2007,0
0,37,6515,0
1,35,2401,1
1,47,3515,1
1,41,5243,1
1,26,2193,1
1,56,2233,0
1,48,5260,0
1,35,3420,0
1,51,3561,1
1,54,2500,0
1,59,4761,0
1,31,4130,0
0,48,4287,1
0,51,6217,1
0,35,5598,0
0,43,6734,0
1,49,3145,1
1,44,2404,0
0,49,5370,1
1,51,3003,1
1,35,2871,0
1,45,4269,0
0,26,4564,0
1,48,4717,0
1,27,2477,1
0,58,5584,1
0,26,5011,0
1,35,2643,1
1,36,4451,0
1,29,2052,0
1,26,2370,0
0,58,6715,0
0,49,6688,0
0,47,3562,1
1,39,4839,0
1,49,3600,1
1,30,6046,1
1,55,2240,0
1,52,5918,1
0,57,6944,1
0,39,6715,1
1,50,2342,1
1,31,3923,0
1,42,4236,0
1,37,2921,0
1,58,2983,1
1,48,2602,1
1,56,3747,0
0,27,6992,0
1,39,3066,1
1,46,4697,0
0,53,5466,0
1,29,4012,1
1,55,4904,1
1,46,2196,0
1,49,3921,0
1,35,5371,1
1,59,4543,0
0,28,5667,0
1,25,2515,1
1,25,3488,1
1,26,2633,0
1,32,5204,0
0,57,6443,0
0,42,5948,1
1,27,3749,0
1,35,4704,1
0,29,5482,1
0,38,5844,0
1,36,3466,0
0,34,6572,1
1,53,4840,0
1,31,5216,0
0,25,5534,1
1,39,2027,0
1,41,5768,1
0,27,6497,0
1,40,4485,0
0,43,6822,1
0,50,5572,0
1,55,6205,0
0,45,4303,0
1,49,4410,1
1,39,4693,1
1,33,3591,0
0,33,5743,1
0,37,5094,0
1,50,6357,1
0,47,5669,1
1,44,3398,0
1,53,3796,0
1,53,2975,1
0,51,6372,1
0,41,4580,0
1,41,4101,0
0,36,5006,1
1,43,3556,0
1,54,4009,0
0,44,6709,1
0,33,5822,0
0,43,5932,0
1,51,5541,0
1,25,3438,1
1,34,3980,1
0,38,3491,0
0,51,5377,1
1,45,3613,0
0,34,5102,1
0,43,6147,1
1,50,5149,1
1,33,3992,1
1,43,3554,0
1,25,2529,0
1,31,3067,1
0,38,6996,1
1,47,2445,1
0,35,6062,1
1,55,2342,0
0,55,6976,0
0,35,2863,0
0,43,3825,1
0,34,5063,1
1,56,2229,1
1,43,4127,0
1,28,4987,0
0,41,6807,1
0,42,6858,0
0,44,6511,1
1,43,2297,1
1,56,2332,0
0,44,6088,0
1,34,2727,0
0,31,4185,1
0,27,4904,0
0,32,5662,1
0,51,6363,0
0,48,5914,0
1,40,3686,0
1,51,2610,1
1,30,4171,0
1,58,3716,0
1,46,3040,1
1,45,4920,0
1,51,3852,0
0,54,6634,0
0,58,5619,1
1,30,3719,0
1,59,3513,1
1,29,2206,0
1,50,4208,1
1,55,3369,0
1,51,2524,1
1,45,4175,0
1,26,3762,0
1,27,6071,0
0,43,6742,1
1,29,4386,1
1,57,2794,1
0,37,6652,1
0,35,6830,0
1,32,2547,0
1,38,5007,1
1,43,4230,1
0,58,5863,0
1,25,3764,0
0,47,6828,0
1,30,2440,1
0,42,4963,0
1,33,3442,0
1,32,2349,1
0,42,5955,0
0,55,4261,1
1,58,2024,0
1,32,4010,0
0,52,6470,1
0,56,5754,1
1,50,4288,0
0,33,6564,1
1,38,3936,1
1,40,2582,1
0,30,5760,1
1,39,4703,1
0,51,5368,0
1,42,4334,1
0,38,6248,1
0,31,4388,0
0,54,4845,0
0,55,5799,1
0,37,5076,1
1,47,2255,0
1,56,2583,1
1,33,2377,1
0,37,6162,1
1,56,2265,0
1,49,4840,0
0,33,5607,0
0,42,6352,1
0,36,5548,0
1,51,2056,0
0,28,4110,0
1,43,3074,0
1,29,5034,1
1,59,2248,1
0,38,5577,0
1,57,3147,1
0,29,6013,1
1,40,2709,1
0,49,4914,1
0,54,5477,1
1,32,5936,0
1,38,3907,0
1,40,2410,0
1,27,2559,1
0,55,6419,1
0,56,3864,1
1,25,5239,1
1,58,2775,0
1,48,6062,0
0,31,4017,1
1,30,2592,1
1,29,3801,1
1,47,3905,1
1,59,3638,1
0,48,6947,0
1,38,3288,1
1,50,2768,0
1,30,3037,0
0,25,5044,1
1,56,4143,1
1,40,2716,0
0,29,5049,1
1,31,3737,0
1,41,3801,0
1,51,3468,0
0,53,6144,0
1,46,2756,0
0,54,4581,1
0,47,6129,1
1,48,4602,1
1,32,5175,1
1,58,2189,1
1,41,3993,0
1,59,3276,0
1,50,3598,1
0,50,6453,0
0,30,5174,1
0,28,6636,0
1,39,3803,0
0,44,4946,0
0,25,5193,1
1,39,3457,1
0,26,5415,1
1,27,4229,0
1,40,3387,1
0,59,5075,1
1,27,3888,1
1,36,6609,1
0,52,2817,0
1,28,2034,1
0,30,5462,0
1,33,4054,1
0,36,6220,1
1,51,6677,1
0,46,5896,0
0,30,5534,1
0,50,5395,0
0,29,4571,1
1,36,6164,1
1,35,5410,1
1,50,4402,0
1,37,4416,0
0,38,4310,0
1,48,6063,1
1,59,2708,0
0,42,6186,1
0,50,6745,0
1,44,5728,0
1,31,3294,1
1,56,2067,0
0,46,5121,1
1,42,3940,1
1,47,2004,0
1,37,2809,0
1,45,4962,0
1,25,2031,0
0,25,6129,0
0,57,6445,1
1,28,3865,0
1,34,3952,1
1,28,3826,0
1,26,4785,0
1,36,3908,0
1,52,4549,0
1,52,6056,1
1,37,2668,0
1,54,2033,1
1,55,2668,1
1,38,2952,0
1,28,2585,1
0,43,5842,0
1,49,2506,0
0,54,6999,1
1,45,2943,1
1,45,2266,1
1,41,4163,1
1,29,3176,0
0,46,6014,0
0,39,6920,0
0,34,6864,1
1,50,6114,0
1,51,2945,1
0,45,6409,1
0,54,6134,1
1,31,3423,1
0,54,4816,1
1,56,2725,0
0,28,6309,0
0,35,6346,1
1,43,3806,1
1,47,5168,0
1,53,3093,1
0,50,6058,1
1,46,2556,1
1,59,2852,1
0,54,4286,0
1,32,3720,0
1,54,2705,0
1,52,3230,1
0,33,5858,0
1,35,2484,0
0,42,6746,1
0,58,5117,1
1,45,6603,0
1,48,3069,0
1,44,2944,1
1,50,5506,1
1,34,3409,1
1,47,3687,1
0,48,5610,0
0,51,5200,0
1,32,3698,0
1,43,2857,1
0,42,6036,1
0,35,5009,1
1,56,2714,1
0,37,6240,0
0,34,6685,1
1,56,2802,0
0,53,6369,1
1,50,4393,0
0,47,5179,1
1,40,3800,1
0,53,6875,0
1,37,3462,1
1,26,2499,1
1,49,4240,0
0,46,4261,0
1,28,5503,0
0,57,6993,1
1,58,3663,0
1,31,2624,0
0,50,4631,0
0,40,6419,1
1,28,5336,1
0,30,4625,1
1,34,3834,1
1,39,2071,1
0,30,5566,0
1,27,3104,0
0,57,6481,1
1,41,4523,0
0,39,4352,0
1,45,3907,0
0,29,5474,0
1,29,5147,1
0,40,5795,0
1,52,3483,1
1,29,5958,0
0,53,5995,0
1,29,2318,0
0,52,4450,0
1,43,4993,0
1,47,2283,0
0,27,6818,1
1,41,2695,1
0,26,6537,0
1,27,2236,1
1,34,2782,0
1,37,5387,0
1,42,2533,1
0,57,6059,1
1,54,3065,0
1,29,2431,0
0,43,5853,1
0,43,6363,1
0,49,4244,1
0,45,5069,1
1,59,2780,0
1,36,3165,1
0,34,6607,1
0,50,5774,1
0,28,6483,0
1,54,4560,0
1,40,4179,1
1,27,2345,0
1,43,3761,1
1,27,4878,0
0,43,4834,0
1,57,5022,0
1,45,4655,1
0,47,5625,1
1,31,2941,1
1,42,2684,0
0,27,5736,0
1,27,5728,0
1,49,2488,1
1,30,4653,0
1,56,2577,0
0,56,6777,0
1,29,5952,0
1,34,2588,0
0,37,4713,1
1,26,2795,1
0,39,5521,0
0,26,3946,1
1,42,3269,0
0,45,4254,0
1,40,4564,1
0,53,6591,0
1,49,3523,0
1,52,4284,0
0,25,5749,0
1,38,5448,1
1,46,4335,0
0,48,6267,1
1,31,4289,1
1,25,2254,1
1,38,2856,0
1,38,5193,0
1,56,2588,0
1,31,2226,1
1,36,2453,1
1,50,4641,1
1,57,5628,1
0,43,6658,1
1,32,5562,0
1,29,2549,1
1,45,5963,1
0,48,5709,0
0,33,5803,1
1,59,2524,1
1,31,3208,0
1,29,3163,0
1,47,2889,0
1,38,2124,0
1,40,5473,0
0,43,5361,0
0,26,5097,0
0,37,6747,1
1,44,3649,0
1,26,4767,0
0,31,6934,1
0,39,6795,0
1,46,3503,0
0,38,4473,1
1,31,2763,0
1,55,2798,0
1,40,3500,0
1,41,3245,0
1,49,3897,1
0,43,6645,0
0,38,5357,1
1,55,4503,1
1,40,4572,1
1,54,2782,0
0,38,5114,0
1,26,3840,0
1,37,2647,1
0,59,5416,0
0,32,4928,1
0,59,3957,0
1,39,4123,0
1,47,2514,0
1,35,3377,0
1,35,2375,1
0,25,5985,0
1,48,3876,1
1,58,4648,1
1,50,5515,0
0,38,4385,1
1,33,3552,1
1,44,2195,1
1,27,3286,0
1,51,3448,1
1,40,3571,0
1,54,3578,1
1,52,3312,0
1,25,4738,1
0,29,5606,1
1,58,4369,0
0,25,4652,1
1,28,5494,0
1,40,4650,1
0,43,5912,0
1,53,2973,1
1,34,6072,1
1,34,2940,0
0,40,6098,0
0,31,5269,0
0,58,5845,1
1,50,3649,1
1,26,4803,0
0,52,5096,1
1,56,4083,0
0,59,4718,0
1,45,2945,1
0,40,5153,0
1,59,6069,1
1,31,5971,0
1,59,2961,0
1,28,4783,0
1,43,4456,0
0,42,6106,0
1,54,4310,0
1,56,2328,1
1,37,2852,0
1,54,2735,0
1,48,6053,1
0,56,3936,1
1,37,4645,1
0,42,6935,1
1,44,4075,0
1,36,2997,0
0,51,4017,1
1,42,3749,1
0,43,6497,1
1,26,2890,0
1,33,6187,1
0,42,6804,1
1,26,3956,0
0,39,4042,1
0,44,4597,1
0,46,6093,0
1,57,4640,0
1,36,4167,0
1,42,2056,1
0,33,5751,1
0,45,3446,0
1,50,3455,0
1,28,2753,0
0,48,6951,1
1,58,2242,1
1,44,2134,1
0,40,6222,1
1,25,3201,1
0,51,3706,0
1,42,3749,0
1,41,3008,0
0,36,6825,0
1,53,2207,1
1,58,3384,0
0,30,6650,1
0,55,5060,0
0,30,5516,1
1,43,3835,1
1,42,2380,1
0,59,5603,0
1,56,2538,0
0,35,6836,1
1,40,2011,0
1,37,6082,0
0,42,5047,1
0,27,6881,0
0,59,5261,1
0,58,6886,1
0,51,5569,1
1,41,2411,1
1,29,5847,1
1,33,4431,1
1,28,3152,1
0,44,5255,1
1,46,4441,1
0,38,5293,1
1,50,4625,1
1,32,4775,1
1,30,4143,0
1,42,4585,1
0,28,5287,0
1,55,4834,1
1,44,4808,1
1,45,5178,1
1,32,3964,1
1,54,2596,0
0,49,5017,1
1,25,4281,0
1,59,2444,0
1,31,2479,1
0,45,6840,0
1,58,2035,1
1,36,3680,0
1,28,2296,0
1,59,2517,1
1,38,5192,1
0,56,6072,0
1,46,2754,1
1,36,3575,0
1,59,6317,1
1,40,4795,0
0,47,6814,0
0,48,3836,0
0,25,6953,0
1,46,3736,0
0,51,6905,1
1,26,4809,1
0,47,3091,0
1,25,2654,0
1,45,3005,0
1,26,4442,1
0,55,6783,0
0,39,6636,1
1,42,4307,1
1,55,5536,0
1,53,2692,0
0,33,6246,0
1,42,2698,1
1,43,2242,1
1,41,3299,0
1,37,2902,1
1,26,3725,0
0,27,5588,0
1,52,3741,1
0,37,6289,1
1,56,4125,0
1,59,2946,1
1,50,2548,0
0,57,5492,0
1,59,3466,1
0,32,6395,1
1,38,3153,0
1,28,3974,0
1,56,2676,0
1,53,4363,0
1,53,4155,1
0,42,5617,1
0,40,6308,0
1,59,2277,0
0,39,6535,1
1,37,4656,0
1,46,4225,1
1,38,4298,0
0,41,5279,1
1,31,4041,1
1,30,4245,0
1,26,3991,0
1,46,4429,0
1,49,3597,1
1,31,3222,1
0,27,5741,1
0,30,5929,0
0,44,5554,1
1,43,3776,1
1,29,4562,0
1,27,3314,0
1,47,3283,1
0,32,4018,0
1,57,3938,0
1,57,4413,1
1,58,2696,0
0,34,6077,1
1,40,2672,1
1,25,4639,0
1,27,2642,0
0,49,6267,1
1,27,6581,1
0,58,5690,0
0,36,6979,1
0,32,6293,0
1,39,4115,0
1,43,2843,1
1,55,3414,1
1,57,3316,0
0,51,6082,1
0,41,5745,1
1,38,3292,0
1,56,4630,1
1,49,3912,0
0,27,6699,0
0,54,4627,1
0,45,4073,1
1,43,2402,1
0,45,4821,1
1,30,2191,0
1,48,3805,0
1,59,3450,0
0,40,4812,1
1,39,2349,1
0,59,4366,0
1,46,2237,0
1,45,4240,0
0,52,5503,1
1,55,2052,1
1,52,3996,1
1,46,2452,0
0,43,6729,1
0,41,5429,1
1,35,3756,0
1,28,4292,0
0,59,4946,0
1,43,6034,1
1,43,2109,1
1,56,5657,0
1,49,3164,1
1,41,2816,0
0,36,4317,0
0,32,6473,0
1,50,4343,0
1,30,2202,1
1,46,5472,0
1,45,2909,1
1,37,3231,0
0,27,5943,1
1,26,3486,0
1,28,5441,1
1,52,5680,0
1,38,3185,0
1,57,3428,0
1,47,2613,0
1,56,2984,1
0,43,6280,1
1,33,3942,0
1,38,3200,0
0,27,5209,1
0,56,6768,1
1,49,2523,0
1,50,3956,0
0,27,5489,0
1,49,3909,0
0,56,4694,1
1,29,5051,1
1,48,3067,1
1,52,3273,1
1,51,2247,0
1,25,5185,0
0,48,5343,0
1,28,2924,1
1,49,2453,1
1,30,2476,0
1,43,2213,1
0,29,6703,0
1,40,2866,0
0,35,2876,1
1,32,3703,1
1,55,2325,0
1,33,3177,1
1,41,2939,1
1,34,5776,0
1,28,4315,0
0,49,4836,0
1,44,4769,0
0,47,6449,0
1,54,2848,0
1,54,4280,0
1,29,2420,1
1,53,2963,0
0,35,6125,1
1,40,2962,1
1,47,3072,1
0,38,4653,1
1,41,5325,1
1,40,3412,1
1,41,4334,0
1,54,2485,0
1,53,4476,1
0,31,5529,1
0,39,5736,0
1,37,2339,1
0,50,3551,1
0,32,6051,0
1,39,2392,1
1,57,3935,1
0,37,5269,0
1,28,6973,0
1,31,4567,0
0,46,5601,1
0,50,6143,0
1,35,2009,0
0,52,6708,1
0,41,5694,1
0,46,6001,1
1,43,2246,1
0,42,5056,1
1,53,4756,1
0,51,6561,1
0,47,5675,0
0,43,6266,0
1,33,4033,0
0,46,5978,0
1,44,4487,0
0,52,6282,1
0,26,6881,1
0,46,5670,1
1,53,2369,1
0,42,5160,1
1,55,5058,0
1,51,3192,1
1,51,2313,1
1,57,2763,0
0,57,5665,0
0,38,6367,0
0,36,6473,1
0,47,6061,0
1,55,2096,0
1,49,4500,1
0,46,5759,0
1,31,4901,1
0,47,3379,1
0,35,3992,1
1,56,4169,1
1,46,4478,1
1,44,2078,0
0,45,4538,1
1,45,3811,1
1,28,3267,0
1,30,3055,0
1,36,3248,1
1,26,5526,1
1,32,6159,0
0,44,6718,0
1,50,4609,0
0,37,6891,1
1,49,4099,0
0,29,6476,0
1,54,3037,1
0,30,5892,1
1,48,4887,1
0,27,6848,0
1,27,4536,0
1,51,5543,0
1,40,3961,1
1,54,4988,0
1,40,2253,1
0,57,6542,1
0,29,6181,0
0,27,6307,0
1,59,6001,0
1,29,4138,0
1,39,4980,1
1,47,3833,1
1,48,4048,1
0,36,4012,1
0,27,6474,1
1,46,4709,0
1,29,2176,1
1,47,3143,0
1,44,4557,0
1,51,3990,1
0,53,5034,1
1,44,4111,1
0,30,6848,0
1,31,2824,1
0,57,5742,0
1,27,4028,1
0,50,6322,1
1,44,2169,1
1,41,3692,1
1,58,5265,1
1,48,2909,0
1,54,2845,0
1,58,5117,0
1,39,5654,1
0,39,4297,0
1,54,2241,1
1,53,4147,0
1,57,3157,0
1,25,3490,1
0,29,5757,0
1,55,3722,0
0,49,5955,0
1,25,2832,0
0,39,6895,1
1,58,3169,1
1,39,2846,1
0,59,5804,0
1,51,2271,0
1,33,2775,1
1,32,3474,0
0,52,4836,0
1,50,5487,0
0,50,3798,1
1,48,4802,0
1,29,3295,0
0,48,6759,1
1,56,3657,1
1,29,3067,1
1,32,4628,0
0,39,6600,0
0,35,6848,0
1,39,3689,0
0,50,3831,0
0,46,5962,1
0,26,4622,0
1,27,2207,1
0,45,5927,0
1,51,3216,1
1,49,2379,1
1,46,5167,0
1,42,5197,0
1,48,3530,1
1,58,2478,0
0,42,6739,0
0,38,4415,1
0,50,6550,0
0,31,6093,1
1,52,5592,1
0,55,6894,0
1,38,2892,1
0,43,5020,1
1,43,4137,0
0,49,5400,1
1,34,5364,0
1,59,3013,0
0,37,6116,1
1,28,2052,1
1,27,4508,1
0,31,6418,1
0,33,5566,1
1,31,4336,1
0,31,6095,0
1,46,4594,1
1,29,2047,1
1,47,6267,0
1,33,2105,1
0,54,5827,1
1,35,6021,1
1,28,2196,1
1,57,4077,1
1,29,2253,1
0,48,3319,0
0,36,4920,1
0,36,6540,1
0,35,5911,1
0,37,5300,1
1,57,4957,0
1,44,4950,0
1,27,4953,0
0,49,6129,1
1,50,2208,1
1,26,2752,1
1,55,3848,1
1,25,3688,0
0,53,5688,1
0,32,5470,0
1,36,4055,0
1,40,5408,1
1,41,4987,0
0,52,5341,1
0,52,6539,1
1,51,3751,0
1,56,3072,0
0,58,5440,0
1,34,2965,0
0,42,5290,0
0,32,3780,0
1,50,5702,0
0,57,6591,0
0,33,5082,0
0,30,5488,0
1,55,2641,0
1,48,5519,0
1,40,3832,1
1,28,5271,1
0,36,5868,1
1,40,5085,1
1,59,2664,0
0,44,5464,0
1,36,3493,0
1,40,2107,0
1,35,3958,1
0,45,4587,0
1,46,2578,1
1,56,4070,0
0,57,6026,1
1,39,2802,1
0,55,5916,0
0,51,6627,0
0,45,6896,1
1,57,3673,1
1,30,4564,1
1,33,3023,1
1,33,3738,1
1,48,2420,0
0,46,6169,1
0,33,6118,1
0,35,6212,1
1,29,2190,0
0,47,5028,0
0,29,6436,0
0,31,6096,0
1,34,3177,0
1,43,3585,0
1,31,3655,1
0,39,6982,1
0,55,6403,1
0,47,6618,1
0,46,5858,1
1,43,5119,1
0,59,6220,0
1,54,4722,0
1,52,3909,1
1,41,2299,0
0,52,6122,0
1,52,3156,1
1,47,3889,1
1,32,3811,1
0,53,6742,1
0,53,6114,1
0,38,2875,0
1,25,3493,0
1,53,5356,0
1,33,2444,1
0,55,6139,1
0,35,6046,1
1,57,2859,1
1,25,6266,1
0,50,6076,1
0,25,5516,0
0,25,5825,0
1,30,2559,0
1,59,5275,0
0,32,5935,0
1,37,5326,0
0,33,5932,1
1,41,5390,1
1,51,4624,1
1,25,2329,1
0,38,4177,0
0,33,6128,0
1,57,2264,1
1,35,4362,0
1,53,2755,0
1,39,6973,0
0,25,5535,0
0,43,6186,0
1,28,5804,1
1,26,4904,0
0,48,6833,0
1,41,4111,0
0,50,5140,0
1,47,2355,0
0,57,6459,1
1,40,3541,0
1,53,2140,0
1,44,2968,1
1,47,3292,0
1,25,2546,1
1,26,4366,1
0,48,4938,0
1,25,4507,1
0,55,5938,1
1,41,2666,0
0,32,6250,1
1,55,4856,1
1,51,2153,0
0,47,4421,1
1,46,2521,0
0,52,6607,0
0,47,6652,1
1,32,2882,1
1,48,4126,0
1,28,2800,1
0,50,4769,1
1,58,2443,0
1,26,2870,1
1,40,3313,1
1,33,2137,0
0,32,6169,0
0,25,4721,1
0,49,5337,1
0,30,5508,1
0,52,6824,0
1,47,5508,1
0,54,6228,1
0,53,6552,1
1,29,3480,1
1,34,4433,1
1,38,2954,1
0,46,6786,1
1,34,2576,1
0,43,5442,1
1,37,2530,0
0,40,5484,1
0,41,6821,0
1,36,3876,1
0,47,4670,0
1,56,3829,1
0,42,4548,0
0,38,6990,0
0,56,6605,0
0,49,6884,0
1,57,2366,0
0,46,3193,1
0,52,5872,0
1,26,4396,1
1,35,3351,1
0,25,6261,1
1,25,2164,1
1,27,2593,0
1,32,3281,1
0,26,5193,0
1,57,4233,1
1,42,6941,0
1,54,2818,1
1,49,3145,0
1,37,3352,1
1,28,3498,0
0,32,5647,1
1,45,5331,0
0,41,6029,0
1,26,4053,1
1,41,3641,1
1,32,4149,1
1,29,3125,1
1,35,4529,0
1,51,3194,0
1,53,5199,0
1,55,3211,0
1,54,3261,1
1,37,3142,0
0,35,5807,0
1,30,3170,1
1,32,6063,1
0,54,6928,0
1,43,3390,0
0,56,5856,1
0,36,6997,0
1,53,2612,0
0,50,6936,0
1,58,2151,0
1,58,3431,1
1,49,2613,1
0,47,5452,0
1,56,3808,1
1,42,4090,1
0,52,6273,0
1,27,3898,1
1,39,2319,0
1,49,4831,0
1,26,3349,1
0,35,6098,0
1,35,3143,0
1,58,3443,0
1,31,2159,0
0,51,4860,1
1,47,5142,1
1,29,4862,0
1,26,2436,0
0,32,3335,0
0,35,6312,0
1,29,2121,1
1,33,4489,0
0,55,5522,1
1,56,4472,1
1,45,5039,1
1,55,2163,0
0,45,4787,0
0,56,6394,0
1,40,5172,0
0,33,4688,1
0,28,6103,1
0,45,6603,0
0,55,5177,0
0,37,6425,0
0,27,6690,0
0,57,5499,0
0,51,6854,0
1,26,4674,0
1,42,3290,0
1,52,3538,0
0,32,6165,1
0,55,4449,0
1,55,3112,1
0,30,6734,1
0,32,4803,1
0,42,6251,1
1,31,2911,1
0,37,3713,0
0,27,6675,0
0,30,5285,1
1,39,5188,0
0,26,3771,1
1,39,5324,1
0,32,6201,1
1,30,4168,1
1,45,3494,0
0,38,6236,0
0,38,4837,0
1,30,3503,0
1,58,3032,1
1,53,6133,1
0,38,5509,1
0,26,6606,0
0,41,4731,1
1,35,5227,1
0,46,4477,0
0,35,6401,1
1,26,3590,0
1,48,3574,0
1,31,6965,1
1,50,3385,0
1,30,3114,1
0,25,5932,0
1,29,5906,1
1,33,3581,0
1,35,2293,1
0,35,5746,1
1,52,5467,1
1,36,5142,0
0,37,5132,0
0,46,6048,1
1,32,2065,0
0,29,6323,0
1,36,4877,0
0,28,6728,0
1,31,2883,0
0,51,5196,1
0,58,6108,1
0,38,5440,0
1,36,2867,1
1,54,2471,1
1,27,5162,1
0,38,5129,1
1,32,3948,1
0,49,6055,1
0,46,6336,1
1,39,5013,1
1,31,3331,1
1,42,3891,1
1,55,4473,1
0,59,6130,0
1,31,2199,0
0,45,4359,1
1,28,3781,1
1,52,2139,0
0,51,4847,1
0,57,4680,1
1,27,3210,0
1,45,4569,0
0,50,6873,0
1,28,3584,1
1,41,2743,1
1,40,5435,1
0,54,6344,1
1,50,3527,1
1,38,2097,1
0,54,6052,0
1,45,5216,1
0,35,6878,1
0,36,5005,0
1,39,4902,1
0,58,6373,1
1,45,3525,0
1,37,4414,1
1,28,2119,0
1,53,3792,1
1,50,3760,0
1,46,4393,1
1,54,4512,0
1,55,4493,0
1,46,3695,1
1,43,5727,1
1,50,2283,1
1,32,3849,1
0,54,4921,0
0,52,5982,1
0,59,2725,1
1,51,4894,0
1,59,5214,1
1,30,2233,0
0,39,5011,1
1,39,4955,1
0,59,5072,0
1,50,2021,0
0,51,4942,1
0,29,5598,1
1,32,2421,1
1,29,2117,0
0,34,5590,1
1,30,2582,1
1,48,5545,0
1,58,5334,0
1,56,2697,0
1,33,2207,0
0,32,4972,1
1,46,2811,1
0,54,3840,0
0,26,6110,1
0,47,6048,0
0,41,6541,0
1,27,3688,1
1,32,5382,1
1,52,6968,0
0,36,5439,1
0,28,6061,0
1,51,4583,1
1,31,6334,1
1,39,4486,1
1,39,2777,1
1,25,4302,0
1,41,2401,0
0,40,6115,1
1,44,4910,0
0,43,6601,0
1,37,3241,1
1,49,2962,0
1,27,2070,1
1,47,3920,0
1,53,2739,0
1,56,2671,0
0,38,4946,0
1,25,4282,1
1,53,2543,1
1,45,5670,0
1,41,2853,1
1,29,3293,0
1,51,3591,1
1,33,2030,1
1,32,2519,1
1,26,6302,1
0,29,4645,1
1,51,4197,0
1,40,2418,0
1,38,3473,0
1,52,4951,0
0,44,5510,0
0,27,6261,0
1,47,2334,0
0,30,4519,1
0,43,4428,1
0,25,5416,0
1,48,2736,1
0,34,6948,0
0,45,5898,1
1,34,2398,1
1,57,2030,0
0,38,6971,1
0,45,6990,1
0,59,4328,0
0,49,6045,0
1,34,3179,1
1,42,3113,1
1,42,2998,0
1,53,3079,1
0,56,5987,0
1,49,3209,0
0,38,6077,0
1,49,2097,1
1,35,2022,1
0,52,3912,0
1,55,2650,0
1,29,3100,1
0,30,6233,1
0,46,5807,1
0,36,2869,1
0,25,6883,1
0,51,6382,0
1,37,2911,1
1,43,2383,1
1,39,3179,0
0,31,6750,1
1,41,5242,0
0,25,2514,0
0,54,4671,0
1,52,2364,1
0,30,6130,1
0,28,6807,0
1,31,3406,0
1,28,4585,0
0,58,5941,0
1,33,6609,0
1,41,4282,1
1,33,2172,1
1,47,2823,1
1,52,3018,1
0,56,3796,0
1,47,2258,0
1,27,3471,0
1,43,4131,1
1,36,3241,1
0,45,6475,1
1,39,2697,1
0,53,5131,0
0,37,6073,1
1,27,3994,0
0,53,5320,0
0,39,5362,0
1,50,2940,1
0,51,6713,0
0,35,6807,1
1,47,3449,0
0,36,3438,0
1,25,3856,1
0,30,6011,0
0,43,3967,0
0,31,6662,1
1,33,4988,0
1,57,2136,0
0,47,6803,0
0,56,6951,1
1,25,2836,0
0,38,6780,0
0,27,5075,1
1,45,3492,0
1,38,4030,0
1,45,5532,0
1,32,2189,1
1,52,4083,0
1,27,2515,1
0,35,6646,1
1,30,3325,1
1,42,2915,0
0,56,6208,1
1,55,5476,1
0,55,6978,0
1,58,2260,0
0,56,5949,1
1,43,3714,1
0,49,4797,0
0,44,6348,1
0,53,5405,0
0,53,6473,1
0,52,6823,1
1,47,3926,1
1,34,3394,0
0,48,4541,1
1,35,3849,1
1,33,4445,1
1,59,3661,0
0,30,5814,1
1,26,3642,0
1,56,2409,1
0,47,5518,1
1,58,5139,0
1,30,2874,0
0,41,6719,0
0,31,6692,1
0,41,6040,1
1,51,3071,1
1,28,2514,1
1,43,5401,1
1,51,2957,1
1,59,5042,0
0,59,3869,1
1,57,2670,1
0,48,6903,0
1,48,2429,0
1,57,2292,1
1,37,3253,0
1,45,2169,1
0,33,5665,1
0,25,4896,0
1,46,2791,1
1,48,2897,0
1,55,3167,1
0,41,6601,0
0,31,5841,1
0,39,6651,1
1,41,2723,1
0,41,4952,1
0,25,5073,0
1,25,4309,1
1,35,2129,1
1,37,2620,1
1,41,6056,1
1,57,2653,0
1,41,2057,1
1,50,2558,0
1,58,6561,0
1,51,2984,1
1,32,4822,1
1,48,3880,1
1,49,4786,0
0,46,4223,1
1,52,4732,0
1,27,4248,0
1,57,4422,1
1,38,2363,1
0,33,6659,0
1,54,3133,1
1,44,5826,0
1,49,6518,1
0,57,4822,0
0,55,5960,1
0,29,6754,0
1,47,5699,0
1,35,3338,0
0,47,6678,0
1,37,5233,1
0,32,5363,1
1,37,3634,0
0,50,3349,1
1,28,3890,1
1,30,3624,1
1,43,3163,0
0,26,6143,0
1,29,4220,1
1,35,4223,0
1,35,2741,1
1,56,3208,1
0,42,5174,0
0,29,3176,1
1,59,3890,0
1,33,3017,0
1,59,2101,1
1,55,4426,0
1,48,3745,0
1,33,2653,1
0,41,3722,0
0,33,6823,1
1,45,2654,1
1,56,4041,1
1,28,3207,1
1,32,3857,1
0,59,6604,1
1,39,3000,0
1,52,2999,0
1,50,5550,1
0,44,5544,1
1,26,3842,1
1,44,3817,0
0,35,4909,1
0,38,6592,0
0,55,4518,0
0,51,5225,0
1,45,4364,0
0,52,6277,0
1,39,3123,1
1,56,5460,0
0,48,4998,1
1,37,2944,0
1,38,3622,0
0,43,6765,1
1,25,2746,1
1,27,2275,1
1,29,2939,1
0,58,6143,0
1,45,2030,1
1,52,3963,1
0,56,3863,0
0,50,6831,1
1,48,4895,0
1,48,5279,1
0,39,5648,0
0,27,4588,1
1,48,3853,1
1,48,4138,0
0,52,6395,1
1,48,2754,1
0,39,5084,1
1,27,2844,0
1,51,2155,0
0,45,6365,1
0,57,4229,1
1,33,4503,0
0,31,5525,0
1,48,3686,1
0,38,6805,1
1,55,5018,1
0,34,5802,1
1,27,2251,1
1,45,2636,0
1,27,2466,0
1,42,4857,0
1,31,4968,0
1,52,4823,0
1,29,3243,0
1,56,2593,1
0,33,5027,0
1,33,3623,1
1,39,3968,0
1,27,4147,0
1,45,3891,1
0,59,4778,1
1,35,5027,0
1,31,5327,0
0,36,6429,1
1,45,4107,0
1,33,5552,1
1,52,2677,1
0,39,4808,0
0,47,5916,1
1,39,2171,1
1,47,3541,0
1,57,2350,1
1,29,2226,0
0,56,6541,0
0,25,6255,1
1,29,2342,0
1,32,2620,0
1,28,6438,0
0,32,4920,0
1,53,2634,1
1,59,4803,1
0,37,5261,0
1,59,2951,0
0,49,6748,0
1,46,3445,0
1,48,3672,0
0,46,3600,0
1,34,4984,1
1,35,2034,1
0,59,6263,1
1,57,3692,0
0,48,6380,0
0,34,3749,1
0,51,2399,0
0,51,5328,1
1,25,3586,0
0,51,5285,0
1,51,5726,0
0,26,5839,0
1,44,5378,1
1,30,6888,1
1,57,2700,0
1,52,3991,0
1,35,3951,1
0,39,6794,0
0,41,5866,0
1,51,3039,1
0,43,6070,0
0,31,6739,0
1,39,2718,0
1,44,2190,0
1,28,3370,0
1,46,3561,1
1,47,2271,1
0,30,4653,1
1,56,2106,1
1,31,4391,1
1,50,4399,1
1,57,4208,0
1,45,2788,1
1,45,2324,1
0,39,4154,1
0,44,6029,0
0,48,4954,0
1,45,3207,0
1,45,2691,0
1,30,2676,1
1,33,2020,1
0,50,6750,0
0,43,5848,1
1,54,3218,0
0,38,4180,0
1,41,2303,0
1,45,3689,1
0,30,6646,0
1,53,3362,0
1,26,3213,0
0,38,5772,1
0,44,5152,1
1,56,3253,0
0,34,5376,1
0,34,6552,1
1,54,3355,1
1,54,2341,0
1,30,2378,1
1,57,2927,1
0,57,5381,0
1,58,2575,1
1,52,5667,1
1,31,2507,0
1,48,2960,0
0,42,5801,1
1,35,4663,0
0,55,6704,0
1,54,3743,1
0,52,6509,1
1,56,2216,0
1,44,5881,1
0,39,6405,1
1,52,6501,1
1,56,4486,1
1,52,3932,1
1,53,2309,0
1,29,3403,0
1,31,3375,1
0,34,5650,0
0,51,6672,0
1,28,2437,0
0,37,4698,1
1,57,4928,1
1,45,2119,0
0,36,5544,0
1,42,4034,0
0,38,6108,1
0,32,6359,0
0,36,4900,1
0,53,4170,0
0,46,3248,0
1,33,4009,0
1,54,6109,0
1,44,3936,0
1,34,3488,1
0,58,3646,0
0,58,6880,0
0,49,4750,0
1,25,3833,1
0,30,6377,0
1,47,2194,0
0,33,6606,0
1,38,4266,1
0,36,5963,0
1,39,2710,0
1,41,4944,0
1,55,3677,1
1,37,3705,0
1,31,2698,0
1,40,4912,1
0,48,6602,0
0,28,3558,0
1,35,2598,0
0,35,4380,0
0,45,6839,1
1,27,2551,1
1,26,3705,1
1,40,3157,0
1,45,2821,0
0,37,6953,1
1,43,4684,1
1,30,3025,0
0,39,5939,0
0,48,6267,0
1,55,4142,1
1,56,3110,0
0,38,5101,0
1,43,2778,1
0,56,6949,1
0,33,6454,1
1,40,3691,0
0,58,5122,0
1,55,4073,1
1,32,2275,0
1,31,3120,1
1,33,2128,0
0,45,5944,0
0,45,6531,1
1,52,2314,1
0,38,5879,1
0,53,5913,0
0,45,5254,0
1,31,3461,1
1,42,2892,1
1,45,5441,1
0,43,5646,1
1,34,2774,1
1,52,4767,1
1,56,2056,0
0,58,5135,0
1,35,3654,1
1,59,5634,0
1,58,3753,0
1,57,2890,1
0,32,4106,0
1,54,3498,0
0,34,5045,1
1,26,2758,0
1,27,2019,0
1,54,4448,1
0,52,6916,1
0,30,4988,1
1,25,5054,1
1,28,2217,0
1,30,3733,0
1,36,3477,0
1,45,4583,1
0,34,5058,0
1,36,5657,1
1,45,5839,1
0,35,4725,0
0,33,5935,0
0,53,3017,0
1,49,3206,1
1,25,5340,1
1,51,4590,1
1,28,4994,0
0,28,6827,1
0,27,6247,1
0,56,5315,0
1,39,2459,0
0,37,2782,0
1,42,4931,1
1,47,5722,1
1,58,4175,0
0,47,6669,1
1,58,3274,0
1,30,2307,0
0,44,6370,0
1,56,2012,0
0,37,6633,1
1,50,3422,1
1,39,2011,1
1,46,6292,0
1,38,5079,0
1,38,5266,0
1,33,2303,1
1,28,2028,0
0,26,6970,1
1,44,2456,1
1,43,3822,1
0,52,6629,1
1,25,2740,1
0,55,6699,0
0,42,6674,1
0,56,3729,1
1,29,5009,0
1,59,3500,0
0,48,5722,0
1,39,3577,0
1,48,2898,0
0,39,6205,0
1,53,4952,1
1,27,5187,1
1,44,3562,0
0,52,6908,1
0,30,6708,1
1,53,5131,0
0,55,4740,1
0,54,5862,1
0,47,5619,0
1,45,4377,0
1,38,2808,0
0,52,6190,1
0,54,4571,1
1,55,3177,0
1,48,3083,1
0,43,5459,0
1,40,2511,1
0,36,6891,0
1,43,2393,0
1,33,4089,1
0,38,6498,0
1,33,6884,0
1,41,3892,1
1,46,2202,1
1,30,4906,0
1,51,2189,0
1,27,4657,1
1,31,2382,0
1,31,3039,0
0,40,4207,0
0,51,6862,1
0,47,6500,1
0,56,4654,1
1,30,4917,0
1,33,3724,0
0,46,6933,1
1,25,6730,0
1,35,3385,0
1,35,3259,1
0,46,6746,0
0,32,6108,1
0,59,4922,1
1,32,3334,1
1,47,4001,1
1,45,2247,0
0,58,6566,1
0,49,4214,0
1,40,2937,1
1,44,2121,1
1,45,3305,0
0,51,6091,1
1,57,4537,1
1,50,2755,0
0,41,6618,1
0,48,6085,0
1,49,4044,1
0,28,6955,1
1,37,4774,1
0,38,6401,1
1,31,3835,1
0,57,3634,0
0,40,5309,1
1,50,3624,0
1,38,4013,1
0,35,6372,0
0,55,6747,1
1,29,2745,0
0,43,6441,0
1,43,3917,0
1,52,2150,0
0,35,6013,1
1,55,3366,1
0,42,5708,0
1,50,2688,1
1,49,2804,0
1,49,4311,0
1,34,2114,0
1,39,2130,0
0,38,5785,1
0,35,6488,0
0,26,6585,1
0,39,5216,0
1,37,3194,1
1,25,4523,0
0,29,4890,1
1,53,3204,0
0,25,6631,1
0,34,6254,0
0,41,6328,0
0,35,4927,1
1,55,3758,0
1,50,2819,1
0,56,6605,1
1,53,2138,1
0,29,5449,1
1,57,3196,0
1,58,2662,0
0,58,6081,0
1,42,6281,0
0,33,5723,1
1,59,2031,1
1,40,3696,0
0,32,4212,0
0,49,6955,0
0,32,4495,1
0,40,5499,0
0,31,6997,0
0,31,4621,0
1,35,4324,1
1,37,2088,0
0,39,4147,1
0,47,5416,1
0,41,5891,1
1,39,4485,0
1,48,4220,1
0,35,5183,0
1,33,3887,0
1,40,3809,1
1,27,3557,1
1,59,3238,0
1,50,4187,1
1,37,3946,0
1,50,4990,0
1,25,3059,0
1,33,5489,0
1,51,3557,1
1,42,2930,1
0,56,6400,0
0,51,6014,1
1,28,3468,0
1,54,2319,0
1,40,3019,1
0,33,5624,1
1,36,2255,1
0,33,4986,0
0,27,6846,1
0,51,5620,1
1,39,3617,1
1,39,5797,0
0,27,6877,1
1,35,4518,0
0,37,5183,0
0,58,6716,1
1,44,3608,0
1,58,4049,0
1,46,2056,0
0,51,6982,0
0,55,5440,1
1,39,2168,1
0,36,6304,1
0,52,5977,1
0,47,5494,1
0,54,6843,0
1,47,4059,1
1,50,2765,1
1,25,3774,1
1,42,3388,0
1,41,4106,1
1,29,2886,1
0,37,6174,0
1,48,2252,1
1,40,3808,0
0,55,5235,0
1,27,6443,1
0,25,6454,1
1,42,4596,1
1,33,3225,0
1,36,4096,0
1,47,5899,0
1,43,3330,0
1,48,4965,1
1,32,4941,0
1,39,4051,1
1,46,3202,1
0,47,5301,1
1,56,3062,1
1,58,3563,1
1,58,6414,1
1,32,3180,1
1,31,2806,1
1,56,3976,0
1,34,3047,0
1,26,2657,1
1,25,2602,1
0,30,6850,0
0,52,6800,0
0,43,6598,1
1,35,3253,0
0,56,5200,1
1,43,4695,0
1,57,3111,0
1,31,3403,0
0,27,6119,0
0,42,6843,1
1,31,5327,0
1,53,2104,1
0,39,6519,1
1,38,3676,1
1,32,3122,1
0,28,6189,1
0,55,3787,1
1,43,2861,0
1,51,3444,1
1,43,2975,0
0,30,6168,0
1,57,5902,0
1,36,2318,0
0,59,6087,1
1,33,2458,1
0,51,5213,1
0,34,6525,0
0,37,6976,1
0,54,6242,0
1,44,5253,1
1,49,2281,0
0,53,5285,0
0,50,2960,0
0,34,4851,1
0,54,5679,0
1,29,2826,0
1,37,2318,1
1,29,4633,0
0,57,4776,0
1,25,3950,1
1,39,4344,0
0,45,6105,1
1,54,4589,0
0,51,6526,1
1,49,4411,1
1,31,3022,1
1,36,5328,0
1,39,3097,1
0,47,6496,1
1,29,2042,0
1,50,2187,1
1,54,3063,0
1,58,2328,1
1,31,3788,1
0,27,6558,0
1,41,2728,1
0,30,6838,1
0,57,5274,1
0,30,6951,1
1,44,2347,1
1,47,3024,0
1,27,4163,1
1,47,2629,0
0,32,5589,0
1,32,4581,0
1,39,6472,1
0,38,5073,0
0,46,4286,1
0,56,5155,1
0,45,5541,1
1,50,3178,0
0,25,6515,0
1,27,3726,0
0,42,6074,0
1,36,2471,1
0,53,4463,0
1,40,2872,0
1,50,2244,1
1,46,4013,0
1,38,3851,0
1,43,2889,0
0,35,5922,0
1,52,2767,0
1,57,2923,0
0,44,6249,1
1,29,5515,0
0,51,5339,1
1,44,3305,1
1,28,3108,0
1,43,3212,1
0,41,4331,1
1,39,2901,0
0,25,2546,0
1,42,4054,0
0,36,5576,0
1,50,3742,0
1,51,2728,1
1,40,2964,0
1,55,4483,1
1,45,5788,1
0,59,6824,0
1,50,5098,0
0,50,5782,1
0,28,4786,0
1,56,2789,1
0,56,5165,1
1,51,2222,1
1,38,2397,1
0,53,5673,0
1,50,2283,1
0,50,6534,0
1,26,3716,0
1,56,5497,0
0,37,5792,0
1,57,3177,0
1,53,4871,1
0,37,3977,1
0,41,4308,0
0,26,6688,1
0,54,6196,1
1,26,2422,0
1,58,3574,1
0,46,4005,1
0,29,5543,0
1,58,3910,0
0,50,6673,0
1,41,2183,0
1,25,5542,0
0,53,4736,1
1,59,2066,0
1,47,5284,1
1,39,2387,1
1,32,2979,1
0,44,6408,0
1,53,2485,0
0,29,6251,1
1,39,2448,0
1,37,4490,0
1,38,3569,0
1,41,3022,1
1,46,2516,0
0,58,5866,0
0,53,6523,1
1,25,4295,1
0,31,4142,0
0,54,5665,0
1,29,2991,0
1,29,2949,0
1,55,3992,1
1,28,4546,1
0,41,5371,0
0,27,5881,1
1,59,2377,1
1,37,3431,0
0,26,4837,1
1,53,4992,1
1,34,5587,1
1,52,2951,0
1,47,2244,0
1,36,2591,1
1,49,5554,0
1,25,2388,0
0,37,6841,1
1,46,3187,0
1,37,4058,0
1,39,2258,0
1,27,3795,1
1,46,4813,1
0,50,4604,0
1,55,3238,0
1,46,2471,1
0,46,5941,0
1,37,3720,1
1,52,3682,1
1,41,2701,1
1,25,5597,1
1,58,3847,1
0,37,5567,1
1,50,4399,0
1,44,3570,0
1,34,3475,0
0,50,6301,0
1,35,4762,1
0,28,6781,1
1,33,2251,0
1,38,3249,1
1,32,2510,1
1,46,5530,1
0,56,5999,1
0,53,5944,0
0,58,6489,1
1,34,2524,0
0,33,4749,0
0,54,6344,0
0,44,6724,0
0,59,5347,1
0,50,5636,0
1,35,2881,0
1,25,2763,1
0,37,4626,0
0,59,6340,1
1,44,3513,1
1,40,4598,0
1,57,3102,0
0,53,6846,0
1,32,3164,0
1,37,3913,0
0,57,6090,1
0,52,6216,0
1,58,2403,1
1,54,4130,1
1,31,2612,0
1,36,3617,1
0,49,6604,0
1,45,2187,0
0,39,5669,0
1,50,3621,1
1,52,3905,1
1,37,3907,0
0,26,5902,1
0,26,5945,0
0,44,3707,1
1,33,5511,1
1,56,3466,1
0,59,5054,0
1,27,2776,1
1,27,3437,0
1,51,3642,1
1,44,3789,1
1,42,3602,1
0,40,5888,0
0,51,6591,0
1,36,2367,1
1,59,3685,0
1,40,4696,0
1,57,2272,0
1,50,6926,0
0,58,6438,1
0,49,4261,0
0,57,5678,1
0,46,5571,1
1,33,2539,0
1,36,3940,1
1,58,2159,0
1,46,2601,1
1,35,4364,1
0,31,5688,1
1,48,3462,1
0,46,6431,0
0,59,4286,1
1,59,3993,0
0,27,5382,0
0,57,6138,1
1,45,4056,1
1,38,5116,0
0,51,6802,0
0,46,6248,0
1,48,2047,0
0,39,5846,0
0,42,6788,0
0,28,5932,1
0,59,6560,1
0,25,6969,0
1,47,2575,0
1,33,3396,0
1,35,3844,0
1,26,3666,0
1,45,2665,0
1,35,2726,0
0,49,6114,0
0,43,6327,0
0,30,6836,1
1,27,3227,1
1,51,4326,1
0,43,6197,0
1,39,4648,1
1,53,3103,0
1,39,3234,1
0,48,6051,1
1,28,2626,0
1,39,3344,1
1,36,5622,1
1,59,2693,1
0,51,5013,1
1,36,2224,0
0,46,6592,0
1,57,2318,0
1,53,3890,0
1,38,4419,1
1,29,2963,0
1,43,2423,0
1,29,3553,0
1,57,5101,1
0,25,5870,1
1,39,4755,0
1,37,2581,0
0,46,4877,0
0,56,6855,1
1,48,2660,0
1,48,3330,0
1,54,2294,0
0,39,6877,0
0,52,5703,0
1,32,3073,0
1,57,3864,1
1,33,3884,0
0,55,5733,1
1,51,2396,1
0,38,6564,1
1,56,4430,0
1,34,2820,0
0,54,6716,1
0,32,5827,1
0,56,4387,0
1,33,3213,1
1,51,3684,1
1,58,2387,1
0,44,6504,1
0,45,6003,0
0,51,4421,0
0,39,5848,1
1,29,4337,1
1,44,3109,1
0,50,6779,0
1,26,2671,1
1,25,2398,1
1,26,4427,0
0,31,5449,1
1,27,2221,0
1,28,5537,0
1,56,2302,0
1,46,3230,0
1,55,4062,0
0,30,5930,0
0,41,6821,0
1,26,4235,1
1,43,4320,1
0,39,5319,1
0,47,6186,1
1,55,3632,1
1,49,2717,0
1,30,2765,1
1,41,2517,0
1,42,2619,0
0,54,6614,1
1,47,2178,0
1,36,3766,1
0,45,5404,1
1,59,2115,1
1,35,4325,0
0,34,6262,0
1,38,3295,1
0,52,6258,0
1,34,4656,0
0,41,6492,0
1,56,3238,0
1,38,3266,0
0,54,5928,1
0,55,6643,0
1,35,5048,1
0,49,6826,0
1,57,6414,0
1,58,2913,1
0,47,4934,0
0,33,6485,0
0,26,6138,0
1,43,4808,0
0,59,5471,1
0,37,5265,1
0,52,6191,0
0,36,5872,1
1,37,3930,0
1,27,4848,0
1,44,3342,1
0,35,5037,1
0,37,5305,1
0,40,5342,1
1,39,3330,0
0,56,4098,1
1,36,6260,1
1,47,2398,0
0,57,5812,0
0,35,5108,1
1,44,3905,0
1,57,2017,0
1,45,2128,0
0,48,6163,1
0,53,5539,1
0,39,6126,1
1,47,6146,1
1,28,3632,1
1,44,4315,1
0,40,5726,0
0,41,3675,1
1,49,3913,0
1,59,5774,0
0,31,4728,1
1,38,5119,0
0,42,5017,0
1,57,3164,0
1,33,2873,1
1,39,5468,1
1,53,4381,1
1,28,2837,0
1,29,2700,1
0,38,6730,1
0,52,5397,0
1,34,3172,0
1,58,4790,1
0,50,6013,0
0,36,6817,1
1,44,5190,1
0,35,5837,0
1,32,2502,1
1,47,2890,0
1,38,5829,1
1,33,2159,0
1,26,4499,0
1,55,3698,1
1,58,3942,1
1,37,2479,1
0,34,5703,0
1,34,6295,0
0,53,5541,0
0,31,6939,0
1,58,2273,0
1,30,2435,0
0,35,5933,1
1,59,6267,1
0,48,6158,0
1,38,2411,0
1,51,3713,1
0,30,6229,0
1,39,4653,1
0,39,2963,1
1,38,3333,1
1,51,3887,0
0,27,3716,0
1,50,6681,1
1,39,3174,0
0,59,5966,1
1,46,3410,1
1,47,6608,1
1,41,5050,1
1,39,6341,0
0,42,6897,0
1,38,4731,0
1,47,3504,1
0,45,6881,1
1,54,3040,1
1,31,6011,0
0,57,3250,1
1,51,2213,0
1,54,4748,0
1,26,4025,0
1,46,5575,1
0,39,6806,1
0,44,6629,0
0,55,5416,0
1,56,2167,0
1,50,2825,1
1,52,3714,0
1,36,5350,0
1,38,2252,0
1,32,4663,0
1,55,2761,1
0,55,6294,1
1,25,4945,1
1,28,2150,0
1,40,2242,1
1,40,3864,0
1,25,3435,0
1,41,3130,1
0,57,5225,1
1,45,4789,0
1,36,2938,1
0,52,5156,0
0,55,5914,0
1,28,4425,0
0,48,6124,0
0,30,4209,1
0,33,5472,1
1,27,2493,1
1,49,3275,1
0,27,6382,0
1,57,4012,0
1,37,3664,1
1,43,2749,0
1,50,2663,0
1,43,4546,0
0,55,6138,0
0,25,6414,0
1,43,2350,1
1,48,3782,1
1,27,2553,0
1,46,6065,1
0,59,5965,1
1,39,5542,1
1,47,5984,1
1,28,4365,1
0,53,4470,0
0,52,4883,1
0,48,6947,1
1,39,2229,0
0,54,6107,0
1,29,6582,1
1,50,3189,1
1,41,5646,1
1,38,3822,1
0,50,5933,1
1,51,3654,1
1,56,4625,0
0,31,6613,1
1,29,5456,0
0,29,5906,1
1,32,3269,0
1,37,2143,0
1,39,4965,1
1,59,2809,0
0,52,3503,0
1,53,3563,0
1,45,4876,0
1,48,4061,1
1,25,3483,0
1,36,3271,1
0,45,6580,0
1,56,2559,0
1,50,3148,1
0,54,6625,0
1,57,3410,0
0,36,6464,1
1,25,2192,1
0,59,5768,0
0,28,5743,0
1,56,2260,1
0,47,4913,0
1,33,3916,1
0,59,6206,1
0,41,4267,0
1,49,2214,0
0,38,5944,1
1,54,5982,1
1,48,4585,0
1,26,2741,1
0,43,4050,0
0,42,5125,1
1,33,2640,1
0,30,4164,0
1,54,5466,0
1,48,3526,0
1,48,5265,1
1,47,4324,0
1,34,4740,0
1,29,4996,0
0,51,6691,1
1,42,2212,1
0,44,5491,0
0,30,6139,0
1,55,2760,0
0,28,4211,0
0,58,5938,0
0,46,4953,0
1,47,3108,1
0,37,6391,1
1,31,2361,0
1,43,5994,1
1,48,3391,1
1,30,4371,0
1,36,4796,1
1,25,2286,0
1,48,4853,1
1,50,3528,0
1,47,2441,1
0,46,5882,1
1,57,2818,0
1,48,3225,1
1,26,2414,1
1,38,3975,0
0,47,5643,0
1,37,3261,1
0,45,6269,1
1,58,4305,1
0,54,4755,0
0,35,5104,1
0,32,6121,0
0,32,4950,1
0,28,4367,1
0,56,6368,1
1,51,3200,0
1,29,3282,1
1,48,3340,1
1,43,3927,1
0,30,5025,1
1,44,2451,0
1,59,2832,1
1,36,4340,1
1,37,3067,1
1,36,4102,0
0,33,6826,1
1,52,2380,1
1,47,3352,1
0,27,6997,1
0,46,6726,0
1,31,3337,1
1,35,2777,0
0,54,6486,1
1,30,5857,1
0,57,3814,1
1,58,2046,1
0,29,4506,1
0,28,5347,1
1,27,2059,1
1,45,6819,1
1,46,3480,1
0,59,4477,0
0,53,6793,0
1,48,5884,1
1,37,2114,1
1,56,3901,0
0,47,5952,1
1,50,3890,0
1,59,2673,1
1,57,4403,1
1,46,2528,0
1,49,4273,0
0,53,6097,1
1,27,2146,0
0,29,6117,0
1,44,3375,1
1,57,3219,0
0,52,6049,1
1,58,3113,0
1,32,2223,0
1,37,2900,1
0,26,6008,1
1,45,2852,0
1,56,2486,1
1,57,3570,0
1,51,3129,0
1,59,2334,1
1,47,2505,0
0,53,6646,1
1,49,4574,1
0,56,4904,0
1,30,2518,1
0,45,6529,0
1,53,3024,0
0,38,3659,0
0,51,5772,0
1,56,3516,1
1,53,5608,1
1,57,5680,1
0,38,6965,1
0,44,6748,1
0,40,6401,1
1,47,2624,1
1,36,4309,1
1,49,2931,0
1,56,3910,0
0,25,6414,0
1,25,4361,0
1,58,3377,1
0,31,4983,1
1,40,4517,1
1,37,5544,1
0,47,5714,1
0,56,6967,0
0,54,6689,1
0,27,3872,0
1,31,3423,1
0,29,5537,0
1,34,3430,0
1,32,2332,0
1,45,2277,1
1,54,5504,0
0,36,4047,0
0,35,6534,0
1,59,3317,1
0,35,5468,0
0,25,2906,0
0,52,6578,0
0,29,5681,1
1,25,4296,0
1,26,4032,1
1,30,3075,1
0,52,6872,0
0,39,6287,1
0,32,5916,0
0,35,5615,0
1,51,3764,1
0,36,4463,1
0,57,4796,1
0,40,6245,1
0,38,6435,0
0,30,3179,0
0,55,6411,0
0,31,6786,0
0,51,4728,1
1,40,2768,1
1,40,2968,1
0,31,6854,1
0,49,5058,1
1,53,4196,1
1,37,5065,0
1,26,6373,0
1,47,4840,1
1,52,2145,1
0,38,5592,1
0,54,4779,1
1,35,3384,0
1,42,4079,0
1,58,3587,0
1,49,3683,1
0,46,4778,0
0,34,6165,0
0,59,6801,1
1,30,2263,0
0,59,6269,0
1,39,3634,1
0,51,6127,0
1,58,2096,1
1,36,2005,0
1,58,5360,0
0,48,5795,0
1,25,3664,0
0,57,5038,1
0,31,5792,1
0,36,4432,0
0,44,3970,0
1,47,3700,1
1,52,2623,1
0,42,4277,1
1,52,3485,1
0,41,5944,0
1,44,2452,1
1,45,4911,0
1,32,3529,1
1,44,2132,1
0,27,4093,1
1,59,2171,0
1,54,5727,0
0,26,4943,1
0,36,6061,1
1,43,3865,0
0,53,6584,1
0,56,6690,0
1,52,4688,1
0,47,4684,0
1,27,3781,1
1,54,5533,0
0,57,5486,1
1,35,4599,1
1,27,4003,1
1,45,2756,1
1,30,4027,1
1,29,3157,1
0,55,5876,1
1,30,2427,0
0,44,6859,0
0,40,5783,0
1,46,3631,0
1,32,5279,0
1,48,4035,0
1,46,2226,1
0,40,3621,0
0,54,4935,0
1,43,3628,0
1,46,4589,0
0,29,5484,1
0,35,5993,1
1,47,6096,0
1,55,3425,1
1,54,2976,0
1,44,2245,1
0,49,4348,1
0,59,5221,0
0,52,4890,0
1,46,4978,0
1,45,4088,1
0,38,6283,0
0,48,5556,1
0,41,5437,0
0,54,5793,0
1,50,3029,0
1,42,5819,1
1,51,4162,0
1,42,3431,0
1,27,2763,1
0,43,6461,1
1,49,3984,0
1,49,4967,1
1,55,2523,0
1,44,5975,0
1,43,4368,0
1,55,3334,0
1,45,3798,0
0,34,3455,1
1,37,3071,1
0,39,6399,0
0,56,6039,0
1,55,2422,1
0,50,4224,0
0,25,5064,0
0,53,6396,0
1,29,2630,0
1,27,4919,0
0,30,5855,1
1,33,3780,1
0,26,6784,0
1,55,3440,0
1,33,4152,1
0,55,6619,0
1,57,2569,1
1,31,4739,0
1,52,4147,0
1,31,2692,1
1,27,3584,1
1,58,3649,0
1,42,4923,0
1,40,2148,1
0,34,6406,0
1,27,4615,0
1,56,5114,1
0,58,5325,1
1,58,2339,0
0,40,6221,0
1,32,3309,1
0,50,5745,0
1,54,3419,0
0,41,6411,0
1,52,3745,0
1,45,2376,0
0,43,5318,1
1,37,4390,1
0,50,5058,0
0,43,6354,0
0,55,6398,1
1,59,2345,0
0,34,6688,1
0,46,4391,0
1,42,3347,1
1,31,3909,1
0,43,6698,1
0,56,4761,1
0,34,6594,1
1,49,4367,1
0,48,5847,1
0,49,5262,1
0,40,5630,0
0,51,2943,1
1,38,2935,0
1,31,2158,1
1,32,4571,1
0,54,5644,1
1,53,2517,1
1,35,3944,1
1,57,4912,1
0,53,2944,0
0,35,4488,0
0,51,4789,0
1,36,2080,1
0,59,5604,1
1,59,3106,1
0,45,6715,1
0,42,6870,1
1,34,4948,1
0,47,5763,0
1,57,4687,1
0,53,6666,0
1,56,3042,1
1,54,2613,1
0,47,5245,0
1,57,5847,1
1,32,4080,1
0,30,6771,1
1,59,4439,1
1,30,4139,0
0,27,6862,1
1,58,3774,1
0,27,6258,1
0,41,6232,1
0,38,6539,1
0,40,6518,1
0,54,5945,1
1,40,3609,1
0,57,5461,0
1,57,4054,0
1,41,4518,0
0,31,5917,1
0,35,6392,0
1,40,2794,0
0,43,6175,1
1,37,3080,1
0,26,6962,1
0,34,6336,0
1,31,4152,0
1,58,4472,1
1,54,3462,1
1,37,2613,1
1,44,2060,1
1,31,4010,0
0,28,4606,1
0,48,4088,0
0,35,6064,1
1,40,2536,0
1,35,5186,1
1,52,6112,0
1,53,2967,1
1,32,3520,1
1,25,3424,0
1,50,3517,0
1,30,3229,0
0,39,5803,1
0,43,6792,0
1,56,2835,1
1,59,2264,1
1,35,4650,0
1,26,3398,1
1,33,5796,1
0,49,5951,1
1,39,2997,1
0,49,6856,1
1,51,3440,1
1,31,4177,1
0,53,6108,1
0,43,6588,1
1,38,5604,0
1,50,4248,1
0,48,5714,1
0,47,5091,1
1,36,3280,1
0,37,6818,1
1,33,3936,0
1,28,2358,1
1,51,2340,0
1,36,3596,0
1,45,2308,1
1,31,5269,1
1,50,3197,0
1,42,2269,1
0,55,6927,0
1,35,3289,1
1,31,2275,1
1,35,6480,0
0,51,6345,0
1,40,2668,1
0,29,6762,1
1,39,2668,0
1,59,4610,1
0,25,5906,1
0,33,6190,0
1,34,3434,0
0,28,4877,1
0,31,6850,0
1,40,3044,1
1,42,5017,0
1,42,2463,1
1,56,2092,1
0,33,5906,1
1,59,2895,0
0,38,5895,0
0,52,6336,0
1,38,3751,0
1,32,4835,0
1,41,3743,1
0,40,6587,0
1,55,3821,1
0,45,6753,1
1,43,3636,0
1,40,2425,0
1,30,4813,1
1,47,6315,0
1,25,4060,0
0,37,5576,0
1,44,3534,0
0,37,6085,0
1,31,2754,0
0,52,6581,0
0,53,5517,0
1,53,4742,0
0,45,6430,1
1,39,3534,0
1,47,3861,0
1,30,5508,1
0,56,6388,0
1,29,4239,1
0,49,5819,1
1,48,3299,0
0,55,5602,0
0,31,3236,1
0,28,6289,0
1,53,4105,1
0,36,4969,1
1,27,2377,1
0,25,4760,1
1,34,2148,1
1,50,3325,1
0,27,4945,1
1,56,2979,0
0,41,6819,0
1,58,6163,1
0,26,5904,1
1,32,3536,0
1,40,4565,0
0,52,5685,0
1,42,2751,0
1,39,3177,0
0,51,4556,1
1,38,2978,0
1,26,2956,1
0,57,5148,0
1,55,4816,0
1,59,3328,1
1,39,3124,1
0,37,5266,0
1,44,2834,1
0,51,6785,0
1,31,4965,1
1,48,5480,1
1,25,3400,1
1,48,3770,0
1,28,3852,0
1,45,6893,0
1,34,3086,0
1,57,3317,0
0,51,6539,1
0,25,2900,0
0,42,3667,0
0,45,6021,0
0,31,6517,0
1,42,3296,1
1,31,3339,0
0,49,3050,0
1,27,6315,1
1,33,3591,0
1,53,3493,0
0,39,5377,0
0,46,6095,1
0,25,5839,0
1,48,3295,0
0,57,6887,1
1,43,5324,1
0,41,4838,1
0,40,6669,0
1,55,4242,0
1,58,2119,0
1,45,2440,0
0,28,5582,0
0,52,6600,0
0,28,6715,1
1,28,6145,0
1,42,3892,1
1,45,2541,1
0,41,4309,0
0,56,6474,0
0,51,5287,1
0,31,6335,0
0,59,5625,1
1,49,3665,1
0,27,6808,0
1,33,6734,0
1,51,4681,1
1,32,5125,1
1,27,4543,0
1,38,2030,0
1,42,2901,1
1,54,2262,1
0,30,5856,1
0,25,6898,0
1,26,2106,1
1,32,3861,1
0,49,6084,0
1,43,2703,0
1,36,3075,0
0,35,5396,0
1,30,2666,1
1,26,4196,0
1,41,2030,0
1,47,3467,0
0,49,5446,1
0,28,4584,0
0,25,6627,0
1,47,3041,1
1,36,4505,0
0,59,6590,0
1,58,2212,1
0,43,4416,0
1,41,2568,1
0,35,6263,0
0,37,5293,1
1,40,2651,1
0,37,6389,1
1,26,4669,0
1,30,3513,0
1,48,3523,0
1,54,3820,1
1,46,2833,1
1,51,4688,0
1,34,2862,1
0,40,5244,1
1,55,4783,1
0,42,6983,0
0,54,6884,0
0,53,5462,0
0,58,5176,0
1,34,5458,1
1,29,3698,1
1,41,3961,0
1,40,2750,1
1,32,2024,0
0,34,4528,1
0,33,5092,1
0,44,5702,1
1,46,4484,0
0,36,3935,0
1,52,2737,1
1,56,2091,1
0,58,4971,1
1,36,3833,1
0,31,3832,1
1,55,4464,1
1,57,3925,0
1,35,3190,0
1,59,2407,1
1,27,2874,1
1,55,3165,0
0,34,6429,0
0,42,6344,1
1,40,3826,1
1,42,2258,0
0,53,5827,0
0,54,6470,0
0,39,4731,1
0,39,6404,1
1,45,3040,0
1,25,3318,0
1,33,3829,1
0,28,5389,0
1,51,4429,0
0,37,6700,1
0,34,4323,1
1,57,2798,1
1,26,5401,0
1,46,2540,0
0,34,6368,1
1,51,3971,1
1,46,3337,0
1,55,3711,1
1,31,4082,0
0,50,5580,1
1,47,5067,0
0,46,5304,0
1,59,3387,0
1,47,2389,1
0,54,5538,1
1,58,3097,1
1,53,4387,1
1,58,2227,1
0,25,6790,1
1,42,3363,0
1,34,2997,1
1,37,2362,1
0,34,5774,0
1,54,2658,0
1,27,4189,1
0,59,3685,1
0,36,6880,1
1,52,2860,0
1,42,3088,1
0,28,5026,0
0,25,6422,0
1,58,5251,0
0,58,3557,0
1,36,2510,0
0,39,6591,1
0,34,2926,0
1,46,2074,0
1,30,3575,1
1,48,4402,0
1,41,2143,1
0,42,5400,1
1,31,2755,1
1,43,4753,0
1,44,3467,1
1,35,3587,0
0,31,5583,0
1,47,3875,0
1,26,3289,1
1,59,3143,0
0,27,5205,1
0,44,4606,0
1,34,2363,1
0,53,5597,1
0,56,5704,1
1,31,3820,0
1,55,3632,1
1,47,3648,0
1,34,3798,0
1,57,2916,1
1,53,3132,1
1,57,4196,1
1,54,2236,1
0,41,4188,1
1,46,3443,1
1,27,2226,1
0,59,4906,0
1,42,5750,0
0,47,6623,1
1,32,2287,0
1,51,2732,1
1,54,4506,1
0,38,5313,0
1,36,3838,0
1,28,3689,1
1,49,2737,1
0,53,5398,0
1,41,4370,0
0,48,6998,1
1,33,3632,1
0,34,5997,0
1,56,2662,1
1,38,4626,1
0,27,5888,0
0,40,6239,1
1,57,4826,1
1,42,2649,1
1,27,5609,0
0,54,6279,1
1,55,2054,0
1,46,5169,0
0,50,5336,1
1,58,5844,0
1,36,2180,1
1,29,2026,0
0,31,5193,0
0,45,6508,1
1,48,5671,1
1,47,3047,1
1,43,4059,1
1,34,5182,1
1,28,2272,0
1,49,4043,0
1,32,3678,1
0,32,5505,0
0,44,6132,1
1,45,3231,1
1,43,4522,1
0,58,6394,1
1,39,2688,1
1,53,3503,0
1,43,2456,0
0,58,5554,0
0,50,3030,0
1,39,5467,1
0,52,6153,0
1,55,4804,1
0,55,5664,0
0,48,4509,1
0,46,5957,0
1,42,3584,1
0,47,5768,0
1,35,4035,0
1,54,3516,0
1,34,4233,0
1,37,4982,1
1,49,3343,0
1,36,5181,0
1,57,3541,1
0,40,6530,1
1,50,2049,0
1,32,2211,0
1,50,4165,1
1,40,4120,0
0,26,4164,1
0,41,6611,0
0,56,5113,0
0,53,6848,1
1,50,3402,1
0,28,5899,1
0,26,6261,0
0,38,5377,0
1,42,3098,1
1,58,5319,1
1,43,4543,1
1,39,2908,0
0,31,4333,0
0,56,6797,0
0,26,6416,0
1,32,2749,1
0,51,6166,0
0,40,4769,0
0,44,6463,0
0,38,6524,0
0,28,6638,1
1,58,2380,0
1,32,2095,1
1,47,2860,0
0,56,6659,0
1,29,3095,0
1,39,3270,1
1,53,2653,0
1,39,3929,0
1,45,2483,1
1,27,2366,1
0,31,5278,1
1,42,3925,1
0,32,6178,0
0,44,6960,1
1,31,5761,1
0,30,6338,0
1,47,4477,0
1,48,4127,1
1,27,2200,0
1,39,2364,0
1,40,3130,1
1,57,4702,1
0,27,6983,1
1,49,3940,0
0,53,6605,0
0,25,5785,0
1,42,3478,1
1,26,5032,1
0,38,4630,1
1,29,2920,1
1,45,3946,1
1,31,4328,0
1,57,3727,1
1,41,5814,0
1,29,5396,1
0,36,4691,1
0,44,6740,0
1,58,4510,1
1,41,4136,1
1,53,4748,0
1,37,5451,1
0,39,4356,1
0,30,6280,0
1,57,2545,1
1,51,4558,1
0,41,3359,0
0,55,5468,1
1,40,2763,0
0,33,5525,1
1,25,3002,0
0,42,5826,1
1,59,3319,1
1,32,4391,1
1,59,2515,0
0,49,5587,1
1,50,2306,0
1,27,3146,0
1,49,3535,0
1,37,3662,0
1,58,5897,0
0,55,4298,1
0,53,3826,0
1,40,2648,0
1,57,3161,0
1,25,3463,1
0,32,5867,0
1,47,2095,1
0,26,5288,0
1,33,2930,1
1,37,5068,1
1,46,3866,1
1,30,5350,1
1,31,2556,0
0,51,6659,1
1,33,3229,1
1,48,5510,0
1,49,2991,0
1,53,3163,0
1,30,4181,0
1,46,2027,0
1,36,2260,0
1,25,2203,1
1,50,4058,0
1,52,2089,0
1,56,2320,0
0,26,5565,0
1,43,3250,0
1,54,5570,0
1,58,2828,1
1,27,3732,0
1,43,6169,1
1,26,4101,1
1,39,3588,0
1,48,2660,1
1,32,4977,1
0,58,6042,0
1,30,3150,1
1,28,2688,0
1,32,3715,1
0,38,5520,0
1,32,4273,1
1,32,3294,0
1,42,4153,0
1,45,4422,0
1,28,5038,0
0,31,6798,0
1,48,6002,1
1,40,2786,1
0,46,4607,1
1,44,4626,1
0,59,4936,1
1,35,5395,0
0,47,6029,0
0,40,4804,0
1,35,3013,1
1,36,3714,1
0,59,6731,1
1,27,3656,0
0,54,3936,0
1,51,4634,1
0,35,5674,1
0,59,5476,0
0,31,5484,0
1,32,2555,1
0,52,6903,0
0,32,4489,1
1,54,3334,0
1,40,6045,0
1,35,2332,0
1,42,2679,1
0,52,6524,0
1,36,4412,0
0,38,6641,1
1,37,3118,0
0,59,6206,1
1,34,3718,1
0,35,5386,0
0,44,5991,1
0,59,5242,1
1,49,3824,0
1,49,2598,0
1,49,3839,0
0,37,4829,1
0,31,4232,1
1,28,2135,0
0,48,5900,0
1,53,2893,1
0,38,6387,1
1,44,2790,0
0,27,6356,1
1,50,3118,0
1,35,5802,0
0,59,6118,1
1,29,2218,0
1,41,2129,0
0,32,6903,0
1,53,2613,1
1,39,4543,0
0,46,6075,1
0,56,4874,1
1,31,4462,1
0,52,6937,1
1,32,2917,0
1,43,3202,0
1,28,4106,1
0,59,3872,0
0,30,6703,0
0,51,5532,0
1,51,4097,0
0,44,6301,1
1,30,3638,0
1,53,6947,1
1,48,4449,1
0,28,6152,0
1,45,4348,0
0,54,3471,0
1,31,2713,0
0,39,6690,1
1,32,4174,1
1,52,2088,0
1,38,2894,1
0,39,5495,0
0,57,2511,1
1,39,2904,1
0,40,3837,0
1,34,2267,1
1,42,3105,0
0,55,6430,0
0,57,5763,0
0,57,6712,0
1,57,4040,0
1,30,3495,0
0,38,5093,1
1,25,3239,1
1,44,3221,1
1,43,4374,0
0,28,5849,1
1,32,5323,1
1,30,3204,1
1,35,3811,1
1,49,3834,1
1,38,2144,1
1,41,4366,0
1,26,2527,0
1,28,5226,1
1,40,2010,1
1,44,3971,0
1,48,4875,0
0,55,6807,1
0,59,5146,1
1,44,2998,1
0,33,6899,1
1,47,5289,1
1,34,3538,1
1,39,2257,1
1,31,3694,1
1,42,3602,0
0,58,5078,1
1,37,3192,1
1,53,2185,1
0,29,6687,1
1,48,2651,1
1,39,5279,0
0,25,6362,1
1,38,4224,1
1,53,2818,1
0,42,5510,1
1,27,2039,1
1,52,6629,1
0,45,4059,1
1,54,4205,1
0,38,4174,1
0,48,6231,0
1,32,4766,0
0,30,6877,1
1,33,5369,0
1,30,4195,1
1,29,5151,0
1,57,4575,1
1,52,2924,1
0,50,5346,0
1,45,3731,1
1,51,2650,0
1,39,3297,1
1,40,4505,1
1,33,2903,0
1,30,3071,1
1,32,5028,1
1,47,3298,0
0,35,4822,1
1,47,5170,0
0,25,6291,0
0,57,6841,0
1,45,2380,0
1,52,2310,1
0,44,3193,1
1,56,2628,0
0,26,6907,0
1,31,4080,0
1,43,2091,1
0,45,6306,0
0,38,5317,0
0,38,6508,0
0,55,6278,1
1,26,2242,0
0,56,5686,0
1,59,3605,1
0,41,6273,0
1,57,3168,0
1,37,4936,1
0,43,4961,1
0,49,6938,1
1,45,4341,1
1,56,4714,0
0,48,5725,0
0,31,6479,1
0,37,6993,0
1,58,3734,0
0,54,5143,0
1,45,2406,1
1,32,2807,1
0,31,6695,0
1,54,2541,0
1,51,5633,1
0,29,3368,1
1,50,3547,1
1,43,2363,0
1,39,2927,0
1,59,2947,1
0,44,5546,0
0,25,4337,0
1,56,4155,1
1,26,4681,1
1,32,2349,0
0,31,4738,1
0,58,5933,1
0,47,5196,0
0,52,5075,0
0,45,4237,1
0,50,5534,1
1,25,3993,0
1,33,5304,1
1,42,4888,1
1,41,5721,1
0,57,2533,1
0,44,5025,0
0,43,6834,0
1,44,5786,1
1,38,2616,1
0,47,6670,0
1,36,2200,0
1,36,4085,0
0,47,4937,0
0,42,5521,0
0,33,4740,1
1,45,2686,0
1,56,2950,1
1,38,4448,1
0,50,5766,0
0,26,4928,1
1,54,3744,0
1,51,4179,1
0,28,4442,1
0,46,6641,0
0,39,4874,1
1,45,5727,0
0,58,6779,0
1,31,2212,0
0,39,6647,0
1,31,4373,1
1,49,4656,1
1,26,4323,1
1,51,2149,0
0,29,6002,0
0,46,6059,0
1,28,3525,0
1,58,2895,0
0,25,4424,1
0,52,4416,0
0,28,5723,1
1,45,4552,1
0,37,6562,0
1,46,3412,1
1,50,2051,0
1,39,6745,1
0,48,6685,0
1,33,2244,0
1,42,2765,1
1,56,4074,0
1,47,5337,1
1,53,4774,1
1,56,6109,1
1,55,2371,0
1,32,3159,0
1,47,3594,1
0,33,6801,1
0,55,6670,1
1,54,2972,1
0,30,5971,1
1,31,5217,1
1,40,5915,1
0,34,6706,1
1,28,4151,0
1,50,3795,1
0,26,5590,0
1,26,2008,0
1,30,4018,0
0,28,5806,1
0,43,4417,0
1,59,3977,0
0,59,6520,1
0,54,4960,0
1,32,3972,1
1,40,2954,0
0,27,6501,1
1,41,5744,1
1,45,2870,1
1,26,3492,0
0,25,5141,0
0,41,6682,0
1,51,3232,0
0,30,5699,1
1,41,3288,1
1,52,3283,1
1,36,3197,1
1,58,4586,0
1,25,4164,0
0,29,4947,0
0,40,5504,0
0,46,5624,1
1,34,2871,1
0,47,6891,0
0,50,5840,0
0,43,6763,0
1,40,5265,0
1,40,3523,1
1,46,4217,1
1,31,2506,1
0,40,5692,0
1,31,3826,0
0,34,6955,0
1,48,3741,1
1,48,2145,0
0,51,5368,0
0,25,5006,0
0,27,5559,1
0,57,6174,1
1,55,3445,1
1,47,5855,1
0,34,4515,0
0,28,4280,0
1,26,4950,0
1,35,4455,1
0,38,6819,0
0,31,3940,1
0,41,6159,1
1,44,3749,0
1,49,3616,0
1,56,3481,1
1,59,3267,0
0,31,5900,1
1,52,5522,1
0,59,5473,1
1,53,2965,1
1,38,2746,1
1,35,5630,0
0,35,6028,0
0,59,6470,0
1,54,4587,0
0,47,6541,1
1,55,3830,1
1,46,2104,0
1,47,4202,1
0,46,6375,0
0,56,6149,1
1,57,3701,0
1,29,3577,0
0,44,6497,0
1,52,3080,0
1,52,3849,0
1,34,2934,0
1,31,5056,0
0,28,5922,1
0,41,6768,1
0,47,3652,1
1,33,4356,0
1,45,3137,0
1,48,2876,1
1,26,2474,0
1,37,4166,0
1,45,4504,0
1,26,3011,0
1,39,3258,0
0,30,6813,1
1,28,4365,1
1,49,4873,1
1,25,4480,0
1,40,3796,1
1,38,2423,1
0,25,6254,1
1,31,3652,1
0,42,6727,0
0,35,5910,0
0,26,5304,1
0,43,5372,1
0,59,6456,0
1,32,3907,0
1,30,2895,0
1,44,2671,0
1,35,2568,0
1,31,2818,1
1,34,3726,0
0,49,5443,0
1,37,3715,1
1,29,2857,0
1,43,3386,0
1,31,3853,0
0,29,5456,1
0,43,6988,0
1,28,2981,0
0,58,5102,1
0,38,5926,1
1,50,2546,1
0,36,6066,0
1,35,6142,0
1,36,2795,1
0,50,6684,0
1,26,3495,1
0,34,5796,0
1,50,4963,1
1,48,4193,1
1,26,2842,0
0,42,6514,1
0,46,5186,0
0,32,6385,1
0,44,5746,0
0,37,4153,1
0,38,6022,1
0,52,3948,0
1,41,2849,0
0,58,5620,1
1,25,5477,1
1,41,3486,0
0,56,5008,0
1,51,2489,0
1,41,2098,0
1,50,5526,0
0,27,4279,0
1,30,3439,0
0,41,6692,1
0,57,5918,1
0,36,6140,0
0,50,4483,1
0,35,6001,0
1,49,3499,1
1,45,4121,0
1,50,3206,1
1,27,2774,0
0,42,4841,0
1,36,5619,0
1,53,4174,1
1,31,3612,1
1,48,2897,0
1,27,2962,0
1,37,4231,0
0,45,5566,1
0,57,5096,1
0,33,6548,1
1,33,2764,1
1,28,5387,0
0,42,5852,1
1,33,4628,0
1,26,4199,1
1,32,4095,1
1,29,3789,1
1,51,2904,0
0,33,4139,1
1,51,3602,0
0,27,6010,0
1,34,2265,1
0,39,6875,1
0,35,4563,1
1,58,4826,0
1,45,3724,1
1,43,3740,1
1,53,2389,1
0,33,6943,1
0,58,5166,0
1,29,2757,1
0,47,4094,1
1,54,2258,1
1,29,2835,1
0,59,6430,0
0,49,6716,1
0,44,5979,0
1,51,4637,0
0,36,5995,0
0,55,5303,1
1,25,2574,0
1,40,2752,0
0,57,6415,1
1,59,2280,1
0,47,6268,1
0,53,6122,0
0,45,6626,0
0,46,4044,0
1,25,2424,0
1,35,2452,1
1,31,4745,0
1,46,4038,0
0,34,5276,0
1,41,6005,0
0,54,6488,0
1,34,5661,1
1,55,2337,1
1,31,3545,1
0,29,6891,0
1,33,5422,0
1,48,3944,1
1,57,2576,0
0,41,6466,0
1,28,3269,0
1,32,5106,1
1,50,4880,1
1,32,3280,1
1,36,5191,1
1,43,2120,1
1,27,3876,0
0,34,6532,0
0,48,6107,0
1,42,2100,0
1,32,3875,1
0,44,6685,0
1,28,5654,1
0,42,6392,1
1,49,2796,0
1,47,3395,1
0,33,5826,0
0,27,5475,0
0,58,6346,0
1,31,2739,0
1,37,2737,1
1,33,4167,1
1,48,2526,0
1,46,4482,0
1,42,3919,1
1,39,4663,1
0,30,4565,0
1,43,3929,1
1,44,3756,0
1,34,2452,0
0,36,5352,1
1,38,2688,1
0,39,6393,0
1,42,4014,0
1,29,3170,0
1,57,4193,0
0,31,5979,0
1,37,3601,1
0,28,4064,0
0,26,4861,1
1,55,5734,1
1,45,4091,0
0,57,6085,0
1,56,2746,0
1,41,2934,1
0,56,5529,1
0,57,6554,0
0,28,4730,1
1,28,3039,0
1,33,2295,0
1,35,3518,0
1,33,3519,0
1,46,3400,1
0,59,5530,1
1,57,2158,0
1,45,4398,1
1,38,2620,1
1,46,2936,0
1,44,2629,1
0,39,4346,0
1,50,3088,1
1,53,3909,0
0,37,5979,1
0,28,6528,0
1,40,3818,0
0,44,4671,1
1,33,6216,1
1,54,5141,0
0,25,5279,1
0,59,5005,0
1,45,6147,0
1,35,2008,0
1,58,3969,0
0,26,6960,1
1,27,3453,1
0,39,4849,0
1,57,4099,1
1,35,2219,0
0,42,6940,1
1,50,3040,0
0,53,4494,0
0,25,5559,1
1,50,3451,1
0,37,4662,1
1,57,3062,0
0,59,4846,0
1,42,4601,1
1,37,2460,1
1,40,4726,1
1,49,3346,1
1,31,3101,1
0,59,2775,0
0,37,5788,0
1,44,4621,1
1,42,4068,1
1,56,3473,1
0,59,6916,1
1,50,4312,1
1,27,2676,0
1,56,3462,1
0,53,4461,0
1,40,3194,0
1,46,4415,1
1,36,3340,1
1,56,3250,0
0,36,4029,1
1,37,3369,1
1,45,5226,1
1,25,2969,0
1,40,2572,0
1,28,6807,0
0,56,5319,0
1,42,2701,1
1,28,3985,0
0,29,5479,0
0,49,5474,1
1,47,2449,1
1,56,3306,1
0,56,4816,1
0,42,5444,1
0,32,6990,0
1,30,4758,1
1,42,5729,0
0,34,5011,1
0,30,6432,0
1,49,3140,0
0,30,6513,0
0,56,5235,1
1,48,4924,0
1,34,3373,1
1,36,3165,0
1,55,3126,0
1,38,5557,1
1,47,3572,0
1,53,4953,1
1,57,2801,0
1,51,4019,0
1,29,3804,1
0,47,6592,1
1,46,2890,0
0,44,6391,0
1,56,3161,1
1,48,2282,1
0,39,4353,1
1,36,4036,1
0,42,6613,1
0,48,6695,1
0,45,5299,0
1,32,3790,0
1,40,3114,0
1,42,3969,0
0,27,6224,1
1,47,2095,0
1,54,2091,0
1,26,3449,0
0,42,4571,0
0,35,6392,0
1,34,3395,1
0,29,6899,0
0,31,2731,1
0,51,6002,0
0,52,5671,0
1,54,5596,0
0,49,5130,1
1,43,5207,0
0,53,3974,0
1,51,3868,0
0,49,6169,1
0,57,6523,0
0,25,4218,1
1,33,4110,0
0,51,6734,1
0,27,6987,0
0,56,6490,1
0,38,5524,0
0,45,6275,0
1,53,2557,0
0,37,6019,0
0,34,6079,1
1,26,3600,0
0,36,6519,1
1,47,2332,1
1,32,6669,0
1,29,2086,0
1,29,4409,1
1,57,2088,0
0,28,5157,0
1,47,3488,0
1,51,2581,1
1,29,4231,1
0,26,6630,1
1,31,3031,1
1,30,3457,0
0,58,6353,1
1,48,2247,1
1,45,2362,1
0,51,6678,0
0,34,3909,1
1,51,2079,0
0,34,5918,0
1,41,2934,0
0,39,3992,0
1,43,2275,0
1,53,4387,1
0,31,5741,0
0,53,4740,0
1,27,2194,1
1,37,3824,1
1,29,5130,1
0,51,6159,0
1,26,3482,1
0,30,5596,0
0,53,5623,0
0,36,3622,0
1,50,4525,0
1,48,4511,1
1,44,2089,1
0,47,6924,0
1,42,4003,0
1,40,3498,0
0,33,6204,1
0,33,4969,0
1,34,4323,0
1,31,2542,0
0,38,6598,1
1,42,5863,1
0,59,6783,0
1,59,2017,0
0,41,5167,1
0,26,6324,0
0,30,6103,0
1,50,4617,1
0,50,4455,1
1,53,4045,0
1,48,5976,1
0,58,6486,0
0,59,5327,1
0,36,5965,0
1,36,3267,0
1,37,4032,1
1,48,3425,0
1,50,4186,0
1,34,4740,0
0,44,5388,0
1,29,3339,1
0,37,5487,0
1,46,4707,0
0,31,6531,1
1,31,5269,1
0,59,6085,1
0,29,4168,1
0,34,2852,0
1,34,3065,1
0,54,6678,0
0,36,6392,0
0,28,3954,0
1,30,3016,1
1,26,4477,1
0,56,6360,1
0,29,4829,1
1,48,2586,1
0,42,6913,1
1,34,4469,0
1,28,3062,0
1,56,5597,1
0,59,6861,1
1,59,4083,0
0,44,6862,0
0,56,5112,0
1,55,5182,0
0,28,3333,1
1,30,5151,0
1,26,2832,1
0,52,5325,1
1,49,4656,1
1,36,2334,0
1,52,2112,1
0,34,6605,1
1,28,3993,0
1,28,3988,0
1,57,2676,0
1,26,4047,0
0,59,5978,0
1,56,4374,0
1,41,5831,0
1,53,3669,1
1,56,4666,0
1,28,4272,1
0,46,4756,1
1,58,5659,0
0,25,5390,1
0,27,6303,0
1,29,2212,1
1,27,2776,0
1,58,3806,1
1,54,3941,1
0,42,5976,0
0,52,5976,0
0,38,6839,0
1,27,3788,0
0,41,6276,0
0,48,4600,0
1,38,4672,0
1,42,3533,0
0,36,5827,1
1,47,3349,1
1,37,5412,0
1,31,3058,0
0,43,6842,1
1,30,4082,0
1,57,3624,1
1,47,3508,1
0,38,6345,0
1,36,2142,0
0,51,5343,0
1,57,6255,1
1,52,2709,1
1,35,3076,0
0,26,6293,0
0,38,6740,1
1,52,3525,1
1,27,4796,1
0,27,6669,0
0,40,4896,1
1,47,4043,0
1,47,3781,0
1,42,2497,0
1,27,2145,1
0,53,5481,0
0,36,6724,1
1,57,2909,1
0,37,3510,0
1,32,2116,1
1,51,2905,0
1,44,3103,1
1,59,2516,0
1,36,3840,1
1,34,3551,0
0,55,6700,0
1,34,3810,0
1,57,2055,0
0,36,5882,1
0,53,5732,0
1,51,3884,1
1,58,2442,1
1,43,6367,0
0,53,6267,0
0,29,6229,1
1,26,3201,1
0,28,6312,1
1,58,3392,1
0,49,5661,0
1,59,4913,1
1,27,2700,0
1,28,2936,0
1,44,2244,1
1,43,3890,0
1,59,3513,0
1,30,4022,1
1,47,3097,1
1,49,2977,0
0,26,4470,0
0,35,5834,0
1,41,3821,0
0,38,3987,0
1,36,3536,0
0,32,6334,0
0,59,6396,0
1,51,2957,0
1,47,2148,1
0,38,4934,0
1,44,2756,0
1,57,3864,1
1,43,3754,0
0,26,3511,0
1,27,3135,1
1,32,4313,1
0,45,6012,0
0,33,5293,0
1,36,2937,1
0,34,6503,1
1,40,2394,1
1,31,3073,0
0,53,6074,0
1,27,3322,1
0,26,6685,1
1,27,3180,1
1,40,4424,0
1,49,2516,0
1,54,3865,1
1,46,3025,0
1,35,3475,0
1,29,3496,0
0,49,5450,0
0,50,6673,1
1,43,3259,0
1,29,4585,1
1,28,4800,0
0,31,6322,1
1,35,3387,1
0,40,5486,0
1,55,2211,0
0,46,6944,1
1,48,3259,0
1,28,2957,0
0,50,3899,1
1,42,3033,1
0,45,6990,0
0,43,5189,1
1,59,4168,0
0,40,4288,1
1,27,5526,0
1,49,3220,1
1,53,2110,1
1,53,4692,1
1,35,2152,0
1,45,4519,1
0,35,6576,1
0,33,4966,0
0,32,5278,0
1,57,3523,1
0,48,6498,0
1,31,2026,1
0,47,5595,1
1,37,4159,1
0,54,4729,1
1,53,3963,0
0,52,6119,1
0,53,6613,1
1,35,4131,1
0,31,3146,0
0,33,4498,0
1,29,3124,0
0,57,5088,0
1,34,4975,1
1,32,5585,1
1,35,2005,1
0,57,5471,1
0,45,6201,0
0,55,3720,0
0,29,6190,1
1,33,2503,0
1,54,5655,1
0,32,5722,0
1,40,2105,0
1,46,3480,0
1,53,3355,1
1,25,5759,0
0,48,6987,0
1,49,5031,0
0,57,4994,1
1,29,4378,0
0,33,3740,1
0,53,2337,1
1,58,4816,0
0,38,6724,0
0,27,6984,1
1,42,3829,0
1,41,4123,1
1,37,4980,0
1,31,2450,1
1,55,2523,0
1,54,6894,0
1,37,3229,0
1,44,4589,1
1,57,2293,0
0,50,6153,0
0,34,5074,0
0,38,4414,0
0,37,6747,0
1,44,4348,1
0,47,6825,0
0,31,4204,1
1,29,2786,1
1,55,3870,1
0,25,5951,1
1,51,3760,0
1,58,3032,1
0,34,5210,0
1,56,4415,1
1,36,2251,1
1,50,3201,1
1,38,4348,0
1,29,5415,0
1,50,2577,1
0,43,5015,1
1,51,4939,0
0,43,6361,0
1,55,4196,0
0,44,4878,0
1,45,4244,1
1,36,3161,1
1,25,2969,1
0,34,6327,1
1,37,4057,0
0,38,6484,0
0,57,6559,1
0,32,6225,0
0,36,6843,0
0,55,4415,0
0,59,3555,0
1,46,2882,1
1,29,2794,1
0,41,4935,1
1,59,3012,1
1,59,2340,1
1,54,2944,0
1,50,5245,1
1,35,5138,1
0,47,6431,1
1,47,5918,1
1,28,2787,1
0,53,5280,0
0,44,3926,0
1,31,2641,1
0,25,5806,0
1,47,2782,1
0,41,6425,0
0,31,6329,0
1,26,4814,1
0,37,5638,0
0,42,5758,1
0,54,4715,0
1,59,2985,0
0,53,6433,1
0,34,4191,1
1,59,2330,1
1,57,6101,1
0,50,6012,1
0,48,6640,0
1,34,2754,1
1,52,4866,0
0,35,6923,1
1,45,4181,1
1,36,5678,0
1,31,3924,0
0,59,6230,1
1,53,2658,0
1,42,6439,0
1,59,5618,1
0,35,5489,1
1,42,2411,1
0,26,6504,1
0,28,5105,1
1,57,5914,0
1,43,2023,1
1,56,2073,1
1,30,5599,0
0,35,4447,1
1,56,4205,1
1,47,3564,1
0,42,6733,1
0,39,4778,1
1,27,5508,1
0,26,3196,0
0,52,6454,0
1,57,3202,1
0,36,6147,1
1,40,3099,0
1,53,4144,1
0,52,6790,0
1,44,3071,1
1,40,2073,1
1,45,2279,1
0,40,5868,0
1,49,2619,1
0,28,5715,1
0,45,5716,1
1,49,3311,1
1,43,5523,1
1,58,4096,0
0,59,5934,0
0,43,4792,1
1,46,5015,0
1,53,2087,1
1,27,4405,1
0,54,6609,1
0,37,4435,0
1,37,4041,1
1,26,4683,1
1,42,2502,1
1,59,4099,1
1,29,3686,0
0,46,4864,1
1,36,2990,1
1,34,4120,0
1,53,2227,0
1,48,4432,0
1,25,5096,1
1,52,5034,0
0,57,6035,1
1,40,3244,0
0,27,5693,0
0,37,6081,1
1,50,3987,0
1,42,2064,0
0,55,6064,1
0,28,6170,0
1,53,6285,1
0,59,6381,0
1,59,2812,1
0,54,5800,1
0,31,5116,0
1,39,3988,1
1,54,3107,0
0,49,6079,1
1,59,5414,0
0,45,5701,1
0,30,5541,1
0,38,5406,0
0,41,6525,0
1,55,2520,0
1,58,2627,1
1,54,3232,0
1,41,3504,0
0,33,6568,0
1,57,5631,0
1,49,4153,0
1,36,2416,1
1,31,6448,1
1,40,4671,0
1,27,2526,0
1,37,4445,1
0,51,6049,0
0,27,6735,1
0,27,4940,0
0,31,6778,0
1,34,2065,0
0,36,5965,0
0,25,5625,0
0,36,4796,0
0,51,5487,1
1,37,3401,0
0,30,5703,1
1,55,3533,1
1,38,2079,0
1,57,2008,0
0,35,6361,1
1,49,4273,0
1,38,2654,0
1,59,6553,0
1,30,3197,0
1,42,3979,1
1,37,3290,1
0,33,5471,0
1,51,2866,0
1,46,2145,0
1,25,2891,1
1,39,2879,0
1,37,4431,0
1,48,2453,0
1,57,2327,1
0,36,6876,0
1,59,2481,1
1,51,2230,1
1,55,2195,0
0,48,6677,0
1,27,2973,1
1,58,2745,1
1,29,2070,0
1,34,3959,1
1,25,5363,1
1,41,3804,1
1,58,3140,0
1,43,2379,0
1,45,4476,1
0,49,6161,0
0,43,6519,1
0,51,4313,0
0,46,5275,1
1,41,2064,1
1,44,3621,0
0,53,6902,1
1,57,3513,1
0,28,5818,0
0,32,5073,0
1,56,3207,1
1,36,3555,1
0,26,4756,0
1,45,4200,1
0,52,6194,0
1,58,3609,0
1,39,4988,0
1,52,5287,0
1,30,4876,1
1,40,2456,1
0,45,6075,1
1,58,4939,0
0,55,6082,1
0,45,6716,0
0,39,5152,0
0,33,6253,0
1,33,3023,0
1,52,3583,1
1,42,3117,1
1,54,2746,0
0,59,4789,0
1,42,2885,0
0,36,6825,0
1,33,5320,0
1,45,3556,1
0,55,6275,0
0,26,4387,1
1,25,3930,1
1,45,3442,1
1,44,2150,1
1,53,3115,1
0,35,5090,1
1,48,2909,0
1,47,4330,1
1,37,3126,1
1,29,4469,1
0,59,6484,0
1,36,4566,1
1,54,5343,0
1,28,2269,1
1,48,2534,0
1,47,4270,0
1,40,3103,0
1,32,2491,1
1,35,2538,0
1,30,3030,1
1,33,3929,0
0,38,6750,1
1,32,3089,1
1,28,4309,1
1,51,2110,1
1,45,4274,0
1,46,2601,0
1,34,2574,1
0,49,6104,1
1,54,3012,0
1,37,3353,0
0,29,6889,1
0,31,5410,1
1,28,4919,1
0,57,5684,1
1,40,5838,1
1,42,3199,1
1,32,4295,0
0,28,3526,1
1,34,3883,1
1,54,3842,0
0,51,5952,0
0,30,6199,0
1,32,3069,1
0,49,6668,1
0,50,6024,1
1,34,2359,1
1,28,2171,0
1,55,2944,0
1,39,2673,0
0,44,6892,1
0,35,5867,1
1,28,2327,1
0,25,6894,1
0,42,4864,1
0,43,6376,0
0,29,5965,1
1,32,2107,1
0,33,4570,1
1,39,2542,0
1,33,3293,0
0,25,5547,1
0,44,4560,0
1,33,2194,0
0,56,6578,1
0,48,5599,0
1,39,3125,0
1,39,4162,0
0,55,6340,0
1,25,2713,0
1,36,3148,0
1,43,3056,1
1,42,3867,0
1,35,4041,1
1,52,2067,1
0,47,6409,1
0,33,5173,0
1,51,4986,0
0,48,6444,1
0,57,6148,1
0,55,6387,1
1,38,3319,0
1,52,3574,1
1,39,4120,0
0,53,6983,1
1,44,2276,0
1,43,4958,0
0,50,4933,0
0,53,4903,1
0,33,4930,1
1,56,4433,0
0,26,5377,1
0,34,5787,0
1,37,3677,0
0,31,5267,1
0,37,6720,0
1,54,5514,0
1,57,3006,0
0,33,5041,0
1,28,3398,0
1,56,4547,1
1,54,3256,0
1,28,4720,0
1,40,3389,0
1,51,4997,1
1,48,3419,0
1,41,2425,1
0,55,5251,1
1,30,4416,0
0,29,4488,1
0,53,3796,1
0,30,3926,0
0,53,6773,1
0,43,6795,0
1,32,4264,0
1,41,2222,1
0,34,6147,1
0,38,6079,0
1,57,3955,1
0,45,5645,0
0,28,6633,0
0,58,5996,1
0,57,5269,0
0,39,6090,1
0,26,5226,0
0,35,6535,1
0,54,5876,0
1,59,2665,0
0,43,5995,1
1,38,3704,0
1,34,4292,0
1,29,3913,0
1,37,2291,1
1,37,2566,1
1,38,2107,1
0,53,6450,0
1,41,3019,0
0,56,5296,0
1,28,2845,0
1,47,3535,1
1,32,4373,0
0,35,5340,1
0,34,6675,1
1,35,4841,0
1,42,4235,1
1,48,2812,0
0,33,5118,0
1,27,4833,1
0,57,5612,0
1,34,2599,0
1,45,2844,1
1,47,4400,0
1,32,2925,0
1,54,3798,0
1,33,6083,1
0,56,4209,0
1,55,3042,0
1,28,2361,0
1,47,2089,1
1,40,3803,0
1,27,2620,1
0,30,6124,1
0,53,5007,1
1,25,3949,1
1,36,2821,0
0,27,4944,1
1,59,2133,0
0,44,6614,1
0,55,6564,1
1,25,2829,1
1,46,2035,0
1,55,2940,1
0,58,6465,0
0,57,5168,0
1,52,3805,0
1,54,6180,0
1,55,3319,0
0,52,5807,0
0,55,5654,0
1,49,3190,0
0,45,6485,0
1,56,4402,1
0,36,5418,0
1,38,4719,0
1,43,3735,1
1,51,4838,0
1,33,2141,1
1,32,6244,1
0,52,4592,0
1,58,4188,0
1,34,2722,1
1,40,4851,1
1,36,5321,0
1,41,2035,1
0,32,6457,1
0,54,5037,0
1,44,2743,0
1,49,4217,1
0,52,6654,1
1,47,2980,1
0,32,6414,0
0,30,4961,0
1,41,3934,0
1,48,5636,1
0,56,6620,1
1,59,6287,1
1,27,2769,0
0,48,5902,0
1,58,5208,1
0,48,6117,1
1,43,2218,0
0,44,6753,0
0,44,5835,0
1,29,2865,0
0,25,4983,0
1,41,5336,0
0,34,6800,1
1,50,3010,1
1,33,3038,0
1,40,2133,0
0,52,5882,1
1,55,3887,0
1,26,4317,1
1,58,2599,0
1,45,4577,1
0,47,6401,1
1,43,2879,1
0,41,6436,0
1,52,2367,1
1,58,4700,1
0,48,6962,1
1,30,2638,0
1,39,3226,0
1,27,2157,1
1,51,3005,1
1,52,3061,0
1,34,6117,1
0,25,6016,1
1,58,2989,1
0,45,6321,1
1,35,5056,0
1,43,3014,0
1,34,2169,1
0,40,6378,1
1,30,2480,1
1,30,5495,0
1,54,4571,1
1,55,3641,1
1,27,4534,1
1,34,4438,0
0,58,5926,0
1,57,3301,1
0,53,6931,0
1,53,2605,1
0,34,6791,1
1,30,2462,1
0,27,5690,1
0,52,6503,1
1,33,2977,0
1,51,3683,0
0,35,4912,1
1,51,3879,0
1,55,3896,0
1,59,4699,1
0,42,5202,1
1,55,3787,0
1,48,5909,0
0,46,6371,1
1,30,2790,0
1,55,3707,0
1,44,3180,1
0,45,5986,0
0,41,4582,1
1,34,5133,0
1,29,4632,1
1,26,2766,1
0,25,6308,1
1,45,4054,0
1,43,2762,1
1,36,2087,0
0,36,6105,0
1,35,4924,1
0,38,6133,0
0,30,6715,1
0,36,5367,0
1,47,4338,1
1,31,2847,1
1,57,5716,0
0,46,5760,1
0,57,5899,0
0,25,5999,0
1,37,2450,0
1,32,2665,0
1,38,4524,0
0,45,3498,1
1,29,2803,0
1,43,5299,0
1,39,2598,1
0,46,5681,1
1,47,3798,0
0,48,6470,0
1,32,4656,1
1,32,3870,0
1,49,5198,0
1,51,3899,0
1,55,2216,1
1,53,4040,1
1,29,3810,0
1,46,5343,1
1,56,4252,0
1,44,3425,0
1,56,2453,0
1,33,3748,1
1,51,5572,0
0,43,6795,1
0,58,6483,1
1,32,3327,1
1,57,2624,1
0,29,6752,1
1,30,4749,0
1,26,5914,1
1,44,2709,0
1,37,6131,1
1,40,2258,0
1,56,4688,1
0,46,6356,1
1,38,4331,0
0,56,5089,0
1,47,3518,1
1,48,2010,0
1,28,3579,0
1,54,4186,0
1,25,5242,0
1,47,4518,0
0,28,5186,0
1,55,4740,1
1,35,3260,0
1,34,4630,0
1,31,5412,1
0,27,5690,0
1,34,2437,0
1,34,3197,1
1,29,6050,0
1,41,6570,1
1,56,3377,1
1,47,2865,1
1,51,3041,1
0,44,6962,0
1,30,3165,1
1,59,5894,0
0,33,5475,1
1,32,3521,1
0,56,6467,0
1,32,2119,1
1,44,4132,1
1,42,4981,0
1,35,3704,1
0,41,4572,1
1,53,2382,1
0,35,6823,0
1,43,3307,0
0,43,4109,1
1,48,3323,0
1,56,5322,0
0,55,4551,0
0,47,3598,0
1,53,3412,1
1,51,2009,1
1,48,2553,1
1,28,4280,1
1,57,3675,1
0,49,6263,0
1,37,5099,0
1,49,2843,0
0,44,6747,0
1,36,3777,0
0,45,5071,0
0,41,6215,0
1,54,2951,1
1,56,4038,1
1,57,3143,0
1,28,4672,0
1,46,3276,1
1,31,2679,0
0,52,4058,0
1,38,2948,1
1,44,2122,0
0,36,5479,0
0,45,6634,1
1,27,3272,0
1,50,5205,0
1,46,3352,0
0,41,5703,1
0,26,6903,0
0,58,6756,0
1,33,2615,0
1,37,5068,0
0,52,5388,0
1,31,2372,0
1,39,3918,1
1,37,3800,0
1,27,3085,0
1,45,2816,1
1,34,2869,1
0,50,6662,0
1,38,5692,1
0,31,5533,1
0,38,6757,1
0,29,6042,1
1,28,3330,1
1,36,2828,0
1,54,3337,0
1,53,2801,0
1,52,3364,1
1,55,6995,1
0,35,5696,1
0,44,6866,0
1,46,3522,1
0,48,6837,1
0,51,6823,1
0,51,4328,0
0,37,3571,1
1,27,5341,0
0,51,4965,0
0,34,6779,1
1,43,5330,0
0,41,5921,0
0,40,6390,1
1,52,4336,1
1,36,6246,0
1,45,3442,1
1,51,5654,1
1,43,2091,1
0,58,6905,1
0,49,5815,0
1,42,3406,1
0,25,5538,0
1,58,2738,1
0,49,6844,0
0,48,6563,0
1,36,5278,1
1,36,2207,0
0,38,6014,0
0,30,6738,1
0,52,6105,0
0,46,5578,1
1,59,2384,1
1,55,2251,0
1,32,3183,0
1,50,2720,1
1,39,6470,0
1,25,3044,0
1,29,2534,0
0,27,5978,0
1,44,2985,0
0,49,4578,0
0,47,6340,0
1,45,2325,1
0,48,4037,0
0,47,5544,1
1,46,5453,1
0,44,5448,0
0,52,4782,0
1,51,2676,1
1,46,2475,1
0,27,5598,0
0,50,6785,0
0,48,6175,0
1,38,4686,0
0,25,5146,1
0,43,5943,0
0,55,5940,0
1,33,2311,0
1,34,3426,1
1,31,6344,1
1,42,2555,1
1,34,4190,1
1,37,2910,1
1,45,2305,1
1,59,2545,1
0,35,6105,1
1,44,2447,1
0,31,5146,1
1,33,3360,0
1,29,4899,1
1,28,4269,0
1,45,4712,0
1,30,4398,1
0,38,4972,1
1,51,2782,1
0,58,4589,1
1,44,6356,0
0,44,6679,1
0,27,6679,1
1,37,2724,1
1,51,4291,0
0,56,6546,0
1,49,3035,0
0,25,6735,0
0,45,6916,0
1,59,2672,0
0,26,6354,0
1,44,3890,0
1,55,2497,1
1,43,2699,0
0,55,6825,0
0,43,4139,1
1,26,4831,0
0,33,6006,0
0,46,4348,1
1,54,4447,0
1,41,3916,1
1,40,4171,0
1,57,3426,1
1,53,2049,1
0,58,6569,1
0,57,3729,1
0,51,6486,1
1,54,4240,0
1,26,2272,0
1,29,5668,1
1,51,3248,0
1,35,2768,0
0,55,6939,0
1,55,2713,1
1,29,5712,0
0,31,5425,0
0,40,6882,0
1,56,2145,1
1,32,3393,0
1,31,4491,1
1,37,5141,1
0,41,6132,1
1,29,2860,1
0,26,6095,0
1,52,2521,0
1,44,3312,1
0,57,5478,0
1,57,3296,1
0,40,5277,1
0,54,6957,1
1,46,4394,1
1,37,5872,1
0,45,3501,1
1,44,2564,1
1,49,5598,1
1,28,3672,1
0,57,5855,1
0,45,4363,1
1,56,2583,0
1,50,3299,1
0,26,6825,0
0,33,6410,0
1,52,5003,0
0,27,6700,0
1,46,4642,1
1,29,3228,0
0,50,6107,0
0,50,5561,1
1,58,3661,1
0,55,5759,1
1,26,3161,1
1,35,4735,0
1,46,6181,0
0,31,6995,1
0,50,6630,1
1,35,5045,1
1,55,4557,0
0,43,5820,1
1,50,6155,1
1,55,3140,1
0,35,6234,1
0,39,5307,0
1,36,3557,0
0,45,4700,1
1,47,3072,1
1,54,3173,1
0,27,5835,0
0,39,4447,0
1,35,2410,1
1,29,5199,1
1,47,3602,1
0,40,5495,0
1,28,4387,1
1,52,4221,1
1,34,4816,1
1,30,2406,1
1,45,2079,1
0,29,5543,0
0,53,5458,0
1,45,3328,0
0,58,4157,0
1,37,2804,0
0,51,3814,1
0,46,6725,0
1,48,2576,1
0,59,4806,1
0,51,6914,1
1,47,2887,0
1,36,3099,0
1,31,5270,0
1,35,2861,0
1,41,2146,1
0,55,5033,1
1,33,4057,0
1,56,3918,0
1,52,4639,0
0,43,6899,1
1,31,3115,1
1,49,2256,0
0,31,5836,1
1,48,3968,1
1,50,3983,0
0,50,5628,0
1,43,4474,0
0,28,6901,1
1,51,3183,0
0,47,6726,0
0,56,6963,0
1,36,2262,1
1,44,4007,0
1,39,5549,0
1,40,4297,1
0,38,6044,0
1,37,5226,1
1,30,4049,1
0,28,5958,0
1,44,3829,1
0,49,5561,0
1,47,2875,0
1,54,4645,1
1,44,2870,1
1,43,2322,0
0,51,5864,0
1,55,5599,0
0,27,6436,1
0,41,4285,1
0,52,6326,1
0,36,6832,1
1,27,6624,0
1,27,3271,1
1,37,3129,1
1,36,3112,1
0,45,5358,0
1,32,3957,1
1,53,3705,0
0,41,5460,1
1,26,3560,1
1,29,6506,1
1,49,4150,1
1,39,3561,0
1,29,2970,1
1,45,3512,1
1,54,2720,0
1,29,5358,1
1,38,2417,1
1,25,4726,0
0,41,6790,0
0,48,4979,1
0,56,3564,0
1,38,2470,0
1,35,2388,1
1,25,5900,0
1,53,4724,0
1,57,6049,0
1,56,3068,1
1,27,6393,1
0,49,4903,1
1,31,2606,0
1,39,4352,0
0,44,4453,1
0,40,2854,1
1,35,4293,1
1,32,2555,0
0,27,5368,0
1,42,4010,0
1,38,2907,1
1,55,2003,1
0,55,6675,0
1,47,3945,1
1,47,2835,0
1,37,5111,1
0,32,5664,0
0,35,4351,1
1,31,4435,1
0,45,6001,1
1,25,2446,0
1,51,4407,0
1,56,2491,0
1,30,2752,1
1,32,2017,1
0,31,6244,0
1,30,3788,1
0,35,3574,0
1,33,2392,1
1,35,2815,0
0,42,5392,1
1,44,2534,0
1,36,5567,1
0,55,6318,1
1,48,2220,1
0,49,6440,0
0,34,6104,1
0,26,4768,1
1,33,4657,1
1,41,6236,1
0,55,4533,0
0,36,6358,1
1,35,3422,1
0,29,6475,1
0,29,5680,0
0,58,5587,1
1,28,2385,0
0,41,5820,0
1,33,2930,1
1,58,4470,0
0,59,6172,0
1,50,2924,1
1,28,4131,1
0,57,3509,1
1,26,2570,0
0,57,5149,1
1,55,4233,0
0,27,4865,0
1,29,2339,0
0,31,6287,0
0,35,5303,1
1,58,4404,0
1,31,3428,1
1,51,4597,1
1,25,4783,0
1,54,4235,1
1,52,3553,1
1,38,4000,0
1,50,6170,0
0,28,6409,0
1,37,5591,1
0,38,6765,1
1,49,2381,0
1,55,3206,1
1,38,5256,1
1,56,4768,1
1,48,2295,0
0,43,5954,1
1,36,2016,1
1,41,4659,1
1,46,3116,0
1,43,2255,1
0,31,5933,1
1,52,6396,0
1,37,2149,0
0,49,5337,0
0,38,4782,0
1,41,2376,1
1,29,3991,0
1,36,3982,1
0,37,5197,1
1,47,4597,0
1,32,4218,0
1,50,3133,0
1,39,3297,0
0,52,5960,0
0,32,2852,0
0,40,6155,1
0,41,6232,1
1,50,3465,0
1,33,2376,1
0,41,5477,0
1,57,2019,0
1,34,2879,0
0,45,3728,1
1,46,3216,1
0,29,6073,0
1,26,2059,1
1,56,2089,1
0,47,6265,1
1,42,4381,0
1,52,4044,0
0,28,6089,0
1,55,2100,0
1,27,2099,1
1,49,3788,0
1,32,4393,0
1,49,3499,1
0,54,5455,0
1,39,2112,0
0,45,5149,0
1,39,3223,0
1,37,5175,0
1,41,2133,0
1,48,5679,0
1,27,4584,0
1,43,4379,1
1,36,2285,0
1,25,2823,1
0,38,5001,0
1,40,3507,1
1,25,2917,1
0,39,6465,1
0,52,5915,0
0,25,6897,1
1,36,2917,1
1,59,3087,1
0,41,5434,1
0,51,5992,0
1,26,2682,0
0,34,6818,0
1,42,5064,0
1,34,3170,1
1,40,3798,1
1,39,4387,1
0,47,6392,0
0,58,6780,1
0,43,5970,1
1,47,4242,1
0,28,6409,0
0,39,4291,0
1,37,3593,0
0,51,4819,1
1,36,4296,1
1,31,2452,0
0,30,6606,0
0,28,6931,0
1,34,4083,1
0,54,4351,0
0,25,5095,1
0,54,6073,0
1,58,4179,1
0,56,5276,1
0,39,6501,0
0,56,6370,1
0,26,6796,0
1,55,3883,0
1,38,3713,1
1,29,6797,1
1,58,5465,0
1,43,4574,1
1,58,2700,1
0,25,6611,1
0,52,5397,1
0,33,6520,0
0,45,6792,0
0,46,4975,1
1,25,3830,1
1,40,2250,1
1,31,2925,0
0,56,5136,0
0,25,5756,1
0,36,5553,1
1,35,4329,1
1,27,2719,1
1,54,3365,0
1,28,4925,1
0,26,6990,1
1,54,4453,0
0,48,5069,1
1,59,2492,0
0,42,4100,1
1,34,4964,0
1,58,5394,0
1,48,2260,1
1,29,3985,0
0,59,5644,1
0,26,5232,0
0,36,6642,0
0,53,5110,1
0,26,4595,1
0,56,3757,0
1,47,2805,0
1,40,4534,0
1,35,4801,1
1,44,3337,1
0,58,6074,0
0,53,5809,0
1,52,3620,0
1,31,4277,1
1,46,3253,1
0,39,6330,1
0,53,5322,0
0,56,6031,1
0,37,6073,0
1,42,3786,0
1,50,3058,1
1,37,3443,1
0,58,5789,1
0,54,5949,0
1,33,3416,1
1,42,2694,1
0,46,6410,0
0,43,6834,0
0,41,6465,0
1,27,3336,0
1,35,3532,1
1,49,2551,0
1,38,3379,0
1,43,4584,1
0,50,2566,1
0,31,5826,0
0,34,5636,0
1,59,6555,0
1,25,2844,1
1,30,2876,1
1,55,4163,0
1,55,6452,0
1,30,4248,1
0,33,3205,0
1,48,2135,0
1,26,5273,0
1,31,4736,0
1,42,3808,1
1,51,5539,0
0,46,5070,0
0,40,6761,1
0,56,5502,1
1,43,3457,1
1,57,5931,0
1,53,4025,0
1,55,4142,1
1,52,6595,0
0,38,5033,0
1,47,3449,1
0,45,6774,1
1,46,3614,0
0,50,6441,1
0,52,4839,1
0,36,6991,1
0,51,3266,1
0,43,6808,1
1,56,3738,1
1,40,5334,0
1,32,3260,1
0,37,6315,0
0,32,6753,1
1,27,2626,0
0,36,6295,1
1,57,3724,1
0,40,6281,0
1,58,5401,1
1,47,4867,0
1,36,2894,1
1,33,5283,1
1,52,2744,0
1,27,4657,0
1,27,2568,0
1,51,4314,0
0,41,5678,0
1,32,4846,1
0,32,5822,1
0,48,2378,1
0,43,6840,0
0,35,5520,1
0,46,5445,0
0,54,6740,1
1,53,2547,1
1,33,4299,0
1,39,2120,0
1,55,2085,0
0,50,3706,0
0,44,6128,1
1,55,3864,1
0,50,3559,0
0,34,4649,1
1,59,3162,0
0,30,6325,0
1,25,3313,0
1,48,5949,1
0,37,6370,1
0,35,5108,1
1,29,4088,1
1,45,3268,0
0,47,6475,1
1,51,2428,0
0,39,5250,0
1,34,4108,1
1,33,4562,0
0,43,3922,0
0,35,6192,0
0,47,6184,0
0,40,6275,0
1,59,2759,1
0,50,4550,1
1,35,2916,1
1,25,2923,1
0,29,6713,1
1,38,3574,1
0,32,6994,1
0,27,2434,0
0,55,6337,1
0,25,6679,0
0,35,4550,1
0,51,6349,0
1,28,2291,1
1,47,2351,0
0,53,3846,1
0,26,6806,0
0,31,6379,0
0,43,4468,1
0,33,5430,0
1,43,2002,1
1,32,2007,1
0,34,5298,0
1,53,3259,1
1,54,3780,1
1,32,4664,0
1,39,3306,0
1,34,4069,1
1,51,2730,0
1,55,3480,0
0,33,4215,1
0,54,6048,1
1,46,4653,0
0,45,6945,1
0,36,6388,0
1,47,6795,1
1,31,2618,1
1,42,5322,0
0,28,6318,0
1,39,3828,1
1,42,2658,1
1,28,4739,1
1,33,6668,0
1,53,5156,1
0,35,5587,0
0,42,6528,1
1,47,4370,1
0,34,2594,0
0,28,5482,1
1,41,6800,0
1,57,3868,1
1,48,4150,0
1,40,6144,0
1,42,2318,0
0,25,6326,1
1,42,2869,1
1,38,4810,1
0,55,6345,0
1,45,3033,1
1,27,5433,0
1,50,5402,1
1,40,2551,1
1,49,4574,1
0,43,4857,1
1,46,2979,0
1,29,3576,0
0,35,4888,1
1,26,3069,0
0,49,6840,0
1,35,4032,0
0,59,5487,1
0,29,5550,0
1,58,4431,0
1,57,2455,1
1,55,2517,0
1,51,6961,1
1,31,6179,1
1,44,2329,1
1,53,2662,0
1,45,3248,0
1,41,4175,0
0,43,5923,0
1,42,4307,0
0,26,6577,0
0,30,6811,0
0,29,6767,1
0,34,5770,0
1,57,3233,0
1,27,2257,0
1,40,3680,1
1,26,2343,1
0,54,5484,1
1,34,3108,1
1,31,4776,1
0,41,6303,0
0,26,5011,0
0,43,6914,1
1,53,2695,0
1,36,2828,0
0,57,6981,0
1,35,4978,0
1,55,5613,1
1,41,2562,0
0,55,6788,0
1,31,4625,1
1,48,2388,0
0,56,4508,0
1,57,3040,1
1,27,2122,0
0,40,5766,1
0,50,6073,0
1,25,4993,1
1,46,4628,0
0,41,6189,0
1,37,2936,1
0,38,5231,0
1,44,2001,0
1,41,3877,1
0,58,6553,0
1,59,2783,0
1,32,5122,0
0,42,6259,1
1,59,5253,0
1,58,5024,0
1,57,3245,0
1,25,3314,0
1,58,2200,0
1,59,5453,1
0,48,5307,1
1,52,3850,1
1,52,2408,0
0,55,5215,1
0,46,4372,0
1,55,3590,1
1,57,5017,1
1,48,2905,0
0,43,6539,1
1,27,3153,1
1,45,3397,0
1,54,4322,1
1,29,4010,1
0,26,6422,0
1,50,2736,0
0,48,5495,1
1,30,4245,0
0,36,6068,1
1,27,3098,0
0,51,3211,1
0,53,4411,0
0,30,6254,1
1,56,2359,1
0,31,6501,0
1,45,5527,0
0,48,6719,0
1,53,3578,0
1,34,2515,1
1,37,5618,0
0,37,6212,1
1,58,4373,1
1,55,3113,1
0,36,6035,1
1,38,3768,1
1,36,5122,1
0,42,5648,1
0,27,4064,0
0,58,5574,0
1,44,3699,0
1,46,5496,1
1,46,5110,1
0,39,6269,1
1,48,2182,1
1,55,3288,1
0,57,4851,0
1,25,2693,0
1,34,4438,0
1,29,2849,1
1,39,2491,0
1,52,2976,1
1,51,4017,0
1,50,2056,1
0,53,3894,0
0,31,4406,1
0,53,4227,1
1,39,2637,1
0,55,4005,0
1,45,3806,0
1,52,2320,1
1,50,2962,0
1,59,5176,0
1,48,3480,1
1,51,2529,0
0,38,4283,0
1,54,4106,1
1,40,5614,0
0,37,5551,1
1,29,2088,0
0,30,6003,1
1,32,3575,0
0,31,6380,1
1,58,2465,1
1,58,3287,1
0,25,6675,1
1,53,3875,1
1,57,2641,0
1,45,4532,0
1,30,2608,0
1,47,2493,0
0,27,4567,0
0,31,6236,1
1,54,4708,0
1,33,2471,0
0,40,5220,0
1,53,2204,1
0,44,6591,0
1,37,2342,1
1,32,2239,0
1,52,2556,1
0,28,5481,1
0,48,6232,0
1,33,4089,1
1,54,4103,1
0,45,6390,1
1,39,6470,1
1,38,4641,1
0,37,2048,0
0,40,6925,0
1,27,2701,1
1,52,4613,1
1,57,3434,0
0,49,3711,1
0,43,5881,1
1,25,6006,0
1,55,2170,0
1,56,2842,0
1,47,3038,0
0,28,6103,0
1,45,3679,1
1,51,5020,0
1,31,3530,1
1,31,5060,0
0,38,6732,1
1,47,4451,1
1,35,4508,0
1,40,4764,0
1,58,2861,0
1,34,4434,0
1,47,2522,0
1,53,5330,1
0,44,6967,1
1,35,4139,1
1,34,5315,0
1,37,2452,1
1,56,6110,0
1,35,4820,1
0,51,3631,0
1,56,4195,1
0,58,5906,1
0,31,3628,0
1,41,4557,0
1,26,4862,0
1,39,2922,1
1,55,3751,1
1,47,2051,1
0,59,6278,1
0,31,6049,0
1,31,5026,1
0,47,5283,0
1,34,4500,0
0,32,4910,0
1,54,2661,0
1,30,6183,1
1,41,4673,1
1,31,2601,0
1,40,4004,1
1,32,3268,1
1,27,2087,0
0,27,5806,0
0,27,5172,0
1,39,5346,0
1,49,4292,0
1,39,5785,0
0,38,6641,1
1,26,4145,0
0,40,5937,1
1,35,2864,0
1,49,3481,0
1,50,2628,0
0,51,6129,0
1,44,4988,1
0,34,6370,1
0,57,4856,0
0,25,5924,0
0,56,5341,1
1,42,3268,0
0,30,6910,1
1,48,4173,0
1,27,3846,1
0,52,3967,1
0,31,6879,0
1,42,3263,1
0,30,6235,1
1,40,4529,0
0,41,6958,1
1,34,3388,0
0,26,6236,0
1,51,5412,1
1,37,3962,0
0,34,6112,1
0,37,3976,1
0,37,5100,1
1,40,3828,0
1,53,3694,0
0,35,6279,0
1,50,4945,1
1,48,4100,0
1,30,4098,1
0,53,3991,0
0,59,3773,1
1,51,2704,0
1,25,2740,1
1,49,3749,0
0,55,5000,1
1,53,2039,1
1,33,2805,0
1,52,3481,0
1,48,2700,0
1,59,3966,1
1,59,3071,0
0,58,4313,1
1,43,5018,1
1,41,4348,0
1,25,2950,1
1,56,5786,0
1,53,5884,0
1,38,3897,0
1,49,2556,0