시군구명,생활및판매,공공문화,복지의료,업무오락체육,총가스사용량
구로구,2,0,0,0,9077.8
구로구,6,0,1,2,10105.5
구로구,27,0,0,0,8603.6
구로구,2,0,0,0,11076.8
구로구,83,0,1,19,10781.4
구로구,78,1,1,0,9522.2
구로구,6,0,0,0,8967.2
구로구,5,0,0,0,8089.8
구로구,34,0,0,2,9360.8
구로구,4,0,0,0,10558.5
서초구,216,1,1,3,11529.4
서초구,83,0,2,3,10915.5
서초구,24,0,0,0,10445.3
서초구,58,0,1,0,10968.4
서초구,29,1,1,0,10560.8
서초구,14,0,2,9,11018.0
서초구,46,1,0,0,9794.3
서초구,15,0,0,1,11803.8
서초구,68,1,0,2,11592.0
서초구,3,0,0,0,12224.2
서초구,0,0,0,1,10907.0
서초구,127,2,2,2,10938.4
서초구,62,0,0,1,10142.5
서초구,48,2,2,2,9726.0
서초구,99,1,0,0,10303.0
서초구,2,0,0,3,11278.6
서초구,86,0,0,1,10477.7
서초구,18,0,0,0,10043.5
서초구,1,0,0,0,10070.1
서초구,2,0,0,0,10238.1
서초구,56,0,0,1,10303.6
서초구,145,2,3,2,10584.0
서초구,168,0,1,1,10843.8
서초구,106,0,0,0,10921.1
종로구,268,0,1,20,10276.5
종로구,80,3,0,8,8842.0
종로구,103,7,1,5,12032.7
종로구,1,0,0,0,4184.1
종로구,159,0,0,2,8312.9
종로구,90,11,1,0,10703.0
종로구,57,0,0,0,9160.5
종로구,198,3,1,1,10842.3
종로구,21,0,0,1,7274.7
종로구,92,0,1,1,10161.0
종로구,95,1,0,0,9963.1
종로구,13,0,0,0,11680.1
종로구,133,3,2,1,11775.7
종로구,256,0,1,10,10888.5
종로구,84,0,0,1,9577.4
종로구,188,1,2,18,10699.7
종로구,70,0,1,0,10557.6
종로구,324,19,0,17,12054.9
종로구,3,0,0,0,10146.2
종로구,140,0,0,8,11310.8
종로구,162,3,0,20,10227.1
종로구,383,3,2,44,11218.2
종로구,184,1,0,1,8263.8
종로구,189,0,0,0,9390.5
종로구,268,3,0,11,11561.9
용산구,146,2,0,3,11030.5
용산구,54,1,0,0,10043.6
용산구,169,1,1,2,10762.5
용산구,93,0,0,0,10194.0
용산구,6,1,0,1,12144.3
용산구,3,0,0,0,10122.5
용산구,45,1,0,0,9645.4
용산구,51,0,1,0,8922.2
용산구,173,1,0,1,9882.8
용산구,19,0,0,1,8250.5
마포구,0,0,0,1,11205.1
마포구,13,0,0,0,10456.8
마포구,0,0,0,1,10868.2
마포구,88,1,1,1,10937.8
마포구,29,0,1,1,11514.6
마포구,118,1,1,11,10567.2
마포구,54,0,1,1,10060.4
마포구,61,0,0,0,9766.4
마포구,35,1,0,1,10614.3
마포구,1077,4,3,6,12329.9
양천구,19,0,0,0,9543.3
양천구,0,1,0,0,10898.7
양천구,10,0,1,0,9352.8
양천구,21,0,0,0,7233.0
양천구,67,1,1,0,9941.9
관악구,78,0,0,2,10643.9
관악구,88,1,0,0,10127.2
관악구,29,0,0,3,10140.9
관악구,44,1,2,12,11176.7
관악구,76,1,0,4,9777.8
관악구,81,0,0,9,11145.8
관악구,26,0,0,1,11122.9
관악구,74,0,0,36,10352.1
관악구,82,0,1,22,10891.4
송파구,0,0,0,0,8547.5
송파구,1,0,0,0,10567.6
송파구,6,0,0,2,10601.8
송파구,12,0,0,0,8844.3
송파구,100,1,0,28,11373.2
송파구,218,2,1,23,11540.1
송파구,1,0,0,0,11553.2
송파구,0,0,0,1,12255.5
송파구,1,0,0,0,10355.8
금천구,0,0,0,0,11076.8
금천구,0,0,0,0,11004.6
금천구,35,1,1,2,10728.0
금천구,104,0,2,4,10818.3
금천구,1,0,0,0,4482.9
금천구,54,0,1,10,12089.1
영등포구,2,0,0,1,10652.2
영등포구,6,0,0,4,11835.0
영등포구,31,0,0,2,9775.0
영등포구,52,1,0,1,10446.8
영등포구,10,0,0,0,11275.0
영등포구,21,0,0,0,11906.3
영등포구,5,0,0,0,11953.8
영등포구,129,0,0,1,10235.9
영등포구,270,0,1,4,10213.5
영등포구,20,0,0,4,11068.0
영등포구,178,1,1,52,11296.9
영등포구,99,2,2,3,11420.9
영등포구,40,0,0,3,9294.2
동작구,60,0,0,1,10233.8
동작구,21,2,0,0,8821.0
동작구,176,2,1,3,10663.7
동작구,81,0,1,3,10246.7
동작구,2,0,0,0,10783.7
동작구,158,0,0,2,10741.1
동작구,44,0,0,0,11716.5
강동구,17,0,1,0,10627.7
강동구,51,0,6,25,11174.3
강동구,44,1,1,0,10095.3
강동구,90,0,1,0,10543.0
강동구,18,0,0,0,9295.5
강동구,171,1,2,28,11609.8
강북구,86,0,1,18,10853.3
강북구,42,0,0,18,10533.2
강북구,123,0,1,13,10673.8
강북구,53,1,0,3,9862.3
노원구,12,0,0,0,10190.2
노원구,14,0,0,15,10704.6
노원구,118,1,0,0,11447.5
노원구,2,0,0,0,9837.1
성북구,124,1,4,2,10041.7
성북구,18,0,0,0,8477.5
성북구,15,1,4,0,9851.7
성북구,11,0,0,0,10314.6
성북구,255,3,0,9,11257.5
성북구,57,0,0,0,9812.2
강남구,133,0,1,5,11453.9
강남구,196,1,1,2,10811.2
강남구,74,0,0,0,10249.0
강남구,66,0,0,1,10342.2
강남구,67,0,0,3,10548.7
강남구,128,4,3,6,11867.2
강남구,18,1,0,2,9673.8
강남구,75,1,1,2,9948.5
강남구,5,0,1,0,10259.6
강남구,192,1,2,1,10354.9
강남구,59,2,1,0,11356.6
강남구,19,0,1,2,11176.2
강남구,25,0,0,2,10703.9
강남구,7,0,0,1,11084.4
강남구,118,0,0,1,11545.5
강남구,23,0,1,8,10938.4
강남구,54,1,0,0,10259.0
강남구,15,1,1,1,11096.7
강남구,185,2,0,4,11980.3
강남구,95,1,0,10,11827.6
강남구,253,3,2,3,11459.1
강남구,30,0,0,0,9420.9
강남구,2,0,0,0,9280.8
강남구,8,0,1,0,10365.6
강남구,54,0,3,1,10436.5
강남구,40,1,0,0,10877.9
강남구,71,0,0,0,10242.9
강남구,110,0,1,15,12010.2
강남구,13,0,0,0,8777.0
강남구,10,0,0,0,9376.2
강남구,11,1,0,0,9354.0
강남구,8,1,0,0,8713.1
강남구,31,0,0,0,9067.1
강남구,13,1,0,1,9779.1
강남구,59,2,0,0,10147.6
강남구,28,1,1,0,9857.3
강남구,91,0,0,0,10748.1
강남구,100,2,2,4,10674.2
강남구,239,2,1,0,11127.4
강남구,436,3,5,3,11588.1
강남구,222,3,2,3,11923.6
강남구,49,0,2,0,10553.1
강남구,31,0,1,2,10250.3
강남구,38,0,0,1,9652.3
강남구,169,2,3,5,11913.2
강남구,12,0,1,19,10870.6
강남구,22,0,1,2,9457.9
강남구,83,3,2,0,10929.7
강남구,40,0,2,1,9678.5
강남구,15,2,1,0,9512.0
강남구,65,2,0,0,9195.4
강남구,19,0,1,2,9748.7
강남구,1,1,0,1,12632.7
강남구,79,0,0,6,10798.3
강남구,31,0,0,2,10983.6
광진구,1,0,0,0,10062.0
광진구,65,1,1,1,10451.3
광진구,217,0,0,1,11182.2
광진구,96,0,0,3,10437.7
광진구,75,1,2,2,10520.9
광진구,50,0,0,2,10424.0
동대문구,207,0,1,1,9854.2
동대문구,152,1,1,0,10175.1
동대문구,89,0,0,0,10327.5
동대문구,24,1,1,0,9526.8
동대문구,59,1,2,10,11054.0
동대문구,172,1,0,12,11260.7
동대문구,65,0,1,3,10160.1
동대문구,34,2,1,2,10266.1
동대문구,64,0,2,3,10631.5
은평구,110,0,1,14,10681.9
은평구,66,0,0,3,9192.2
은평구,152,1,1,5,10547.8
은평구,34,0,0,4,10004.7
중구,345,3,0,28,12232.9
중구,98,2,0,8,11121.0
중구,109,0,0,30,11422.3
중구,44,0,0,2,11275.2
중구,24,2,0,2,11535.5
중구,17,1,0,1,10868.8
중구,131,0,1,1,9982.8
중구,71,0,0,3,10863.7
중구,23,0,1,0,9034.7
중구,310,2,3,11,11661.0
중구,213,2,0,5,10703.9
중구,293,0,0,5,10188.6
중구,39,0,0,1,9664.2
중구,189,4,2,1,11013.3
중구,422,0,2,21,11600.0
중구,527,0,0,2,11340.0
중구,41,1,0,3,12286.9
중구,180,0,0,22,11305.0
중구,12,1,0,2,12481.1
성동구,27,0,1,3,10292.0
성동구,62,0,0,0,10478.9
성동구,38,0,0,0,9656.6
성동구,27,1,0,14,10031.9
구로구,2,0,0,0,9200.8
구로구,6,0,1,2,10091.7
구로구,27,0,0,0,8449.9
구로구,2,0,0,0,11036.6
구로구,81,0,1,19,10746.1
구로구,78,1,1,0,9506.4
구로구,6,0,0,0,8771.9
구로구,5,0,0,0,7900.0
구로구,34,0,0,2,9293.3
구로구,4,0,0,0,10709.3
서초구,215,1,1,3,11545.7
서초구,83,0,2,3,10879.8
서초구,24,0,0,0,10887.2
서초구,56,0,1,0,11170.0
서초구,29,1,1,0,11091.2
서초구,14,0,2,9,11029.7
서초구,45,1,0,0,9753.5
서초구,15,0,0,1,11938.2
서초구,69,1,0,2,11588.6
서초구,3,0,0,0,12186.6
서초구,0,0,0,1,11105.6
서초구,127,2,2,2,11087.8
서초구,62,0,0,1,10076.9
서초구,48,2,2,2,9591.0
서초구,99,1,0,0,10240.7
서초구,2,0,0,3,11402.8
서초구,86,0,0,1,10447.5
서초구,18,0,0,0,10793.0
서초구,1,0,0,0,10661.5
서초구,2,0,0,0,10492.9
서초구,56,0,0,1,10150.1
서초구,146,2,3,2,10670.0
서초구,168,0,1,1,10823.8
서초구,106,0,0,0,11652.8
종로구,268,0,1,20,10267.0
종로구,80,3,0,8,8680.3
종로구,103,7,1,5,12252.7
종로구,1,0,0,0,3741.0
종로구,159,0,0,2,8407.5
종로구,90,11,1,0,10840.3
종로구,57,0,0,0,8731.7
종로구,198,3,1,1,10823.5
종로구,21,0,0,1,7158.3
종로구,93,0,1,1,9999.9
종로구,96,1,0,0,9945.5
종로구,13,0,0,0,11581.5
종로구,133,3,2,1,11928.9
종로구,256,0,1,10,11005.9
종로구,84,0,0,1,9368.2
종로구,188,1,2,18,10945.5
종로구,70,0,1,0,10473.4
종로구,324,19,0,17,12185.9
종로구,3,0,0,0,10204.1
종로구,140,0,0,8,11408.7
종로구,162,3,0,20,10391.3
종로구,385,3,2,44,11217.3
종로구,184,1,0,1,8325.0
종로구,189,0,0,0,9499.2
종로구,268,3,0,11,11751.3
용산구,146,2,0,3,11115.5
용산구,54,1,0,0,10075.6
용산구,169,1,1,2,10950.3
용산구,93,0,0,0,10102.2
용산구,6,1,0,1,12259.5
용산구,3,0,0,0,10458.9
용산구,45,1,0,0,9983.6
용산구,51,0,1,0,9002.2
용산구,173,1,0,1,10324.3
용산구,19,0,0,1,8095.0
마포구,0,0,0,1,11655.3
마포구,13,0,0,0,10831.2
마포구,0,0,0,1,11038.6
마포구,88,1,1,1,11234.0
마포구,29,0,1,1,11604.9
마포구,118,1,1,11,10513.4
마포구,54,0,1,1,10140.0
마포구,61,0,0,0,9755.9
마포구,35,1,0,1,10796.0
마포구,1081,4,3,6,12411.5
양천구,19,0,0,0,9491.3
양천구,0,1,0,0,10810.3
양천구,10,0,1,0,9696.6
양천구,21,0,0,0,7038.5
양천구,67,1,1,0,9818.9
관악구,78,0,0,2,10701.7
관악구,88,1,0,0,9973.7
관악구,29,0,0,3,10230.2
관악구,44,1,2,12,11010.6
관악구,76,1,0,4,9641.4
관악구,81,0,0,9,11094.7
관악구,26,0,0,1,11230.8
관악구,74,0,0,36,10315.4
관악구,82,0,1,22,10754.6
송파구,0,0,0,0,8571.3
송파구,1,0,0,0,10702.3
송파구,6,0,0,2,10671.1
송파구,12,0,0,0,8912.9
송파구,100,1,0,28,11404.8
송파구,218,2,1,23,11553.7
송파구,1,0,0,0,11801.8
송파구,0,0,0,1,12485.4
송파구,1,0,0,0,10292.8
금천구,0,0,0,0,11191.5
금천구,0,0,0,0,11096.7
금천구,35,1,1,2,10853.4
금천구,104,0,2,4,10870.3
금천구,1,0,0,0,4251.3
금천구,54,0,1,10,12165.8
영등포구,2,0,0,1,10957.5
영등포구,6,0,0,4,11939.9
영등포구,31,0,0,2,9659.4
영등포구,52,1,0,1,10596.2
영등포구,10,0,0,0,11485.5
영등포구,21,0,0,0,12036.9
영등포구,5,0,0,0,12211.1
영등포구,129,0,0,1,10176.1
영등포구,270,0,1,4,10160.3
영등포구,20,0,0,4,11265.0
영등포구,178,1,1,52,11322.9
영등포구,99,2,2,3,11939.0
영등포구,40,0,0,3,9548.7
동작구,60,0,0,1,10235.8
동작구,21,2,0,0,8611.8
동작구,176,2,1,3,10487.7
동작구,81,0,1,3,10363.6
동작구,2,0,0,0,10924.7
동작구,158,0,0,2,10801.1
동작구,44,0,0,0,12068.6
강동구,17,0,1,0,10502.1
강동구,51,0,6,25,11037.5
강동구,44,1,1,0,9882.8
강동구,90,0,1,0,10318.4
강동구,18,0,0,0,9308.8
강동구,171,1,2,28,11743.7
강북구,86,0,1,18,10962.5
강북구,42,0,0,18,10402.2
강북구,123,0,1,13,10386.2
강북구,53,1,0,3,9656.1
노원구,12,0,0,0,10140.5
노원구,14,0,0,15,10640.2
노원구,118,1,0,0,11460.3
노원구,2,0,0,0,10488.8
성북구,124,1,4,2,9809.6
성북구,18,0,0,0,8318.6
성북구,15,1,4,0,9724.2
성북구,11,0,0,0,10226.0
성북구,255,3,0,9,11195.1
성북구,57,0,0,0,9710.1
강남구,133,0,1,5,11633.0
강남구,195,1,1,2,10849.8
강남구,74,0,0,0,10271.3
강남구,66,0,0,1,10347.9
강남구,67,0,0,3,10632.8
강남구,128,4,3,6,11925.2
강남구,17,1,0,2,9770.6
강남구,76,1,1,2,10117.0
강남구,5,0,1,0,10311.6
강남구,191,1,2,1,10286.9
강남구,59,2,1,0,11751.8
강남구,19,0,1,2,11258.4
강남구,25,0,0,1,10938.7
강남구,7,0,0,1,11551.4
강남구,118,0,0,1,11697.2
강남구,23,0,1,8,11249.7
강남구,53,1,0,0,10279.4
강남구,15,1,1,1,11091.2
강남구,185,2,0,4,11989.3
강남구,94,1,0,10,12003.9
강남구,253,3,2,3,11592.9
강남구,30,0,0,0,9957.5
강남구,2,0,0,0,9063.5
강남구,8,0,1,0,10277.2
강남구,53,0,3,1,10572.6
강남구,40,1,0,0,11182.7
강남구,71,0,0,0,10307.0
강남구,110,0,1,15,11879.0
강남구,13,0,0,0,8762.9
강남구,10,0,0,0,9340.9
강남구,11,1,0,0,9302.0
강남구,8,1,0,0,8949.9
강남구,31,0,0,0,8880.4
강남구,13,1,0,1,9679.7
강남구,59,2,0,0,10064.0
강남구,28,1,1,0,10147.4
강남구,91,0,0,0,10648.7
강남구,100,2,2,4,10762.3
강남구,239,2,1,0,11071.5
강남구,436,3,5,3,11456.9
강남구,222,3,2,3,11986.4
강남구,50,0,2,0,10679.9
강남구,31,0,1,2,10452.8
강남구,38,0,0,1,9617.5
강남구,169,2,3,5,12006.4
강남구,12,0,1,19,10805.3
강남구,22,0,1,2,9438.7
강남구,82,3,2,0,11031.3
강남구,40,0,2,1,9489.5
강남구,16,1,1,0,9847.6
강남구,65,2,0,0,9353.4
강남구,19,0,1,2,9954.9
강남구,1,1,0,1,12774.9
강남구,78,0,0,6,11178.7
강남구,31,0,0,2,11184.9
광진구,1,0,0,0,10006.6
광진구,65,1,1,1,10307.0
광진구,217,0,0,1,11045.9
광진구,96,0,0,3,10411.7
광진구,75,1,2,2,10349.5
광진구,50,0,0,2,10141.8
동대문구,207,0,1,1,9686.5
동대문구,152,1,1,0,10400.7
동대문구,89,0,0,0,10219.6
동대문구,24,1,1,0,9412.1
동대문구,60,1,2,10,10987.8
동대문구,172,1,0,12,11324.8
동대문구,65,0,1,3,10256.2
동대문구,34,2,1,2,10364.5
동대문구,64,0,2,3,10711.6
은평구,110,0,1,14,10776.0
은평구,64,0,0,3,9055.3
은평구,152,1,1,5,10634.5
은평구,34,0,0,4,9791.9
중구,345,3,0,28,12455.0
중구,98,2,0,8,11271.9
중구,109,0,0,30,11474.5
중구,44,0,0,3,11252.1
중구,24,2,0,2,11857.9
중구,17,1,0,1,10965.6
중구,131,0,1,1,10052.2
중구,72,0,0,3,11040.3
중구,23,0,1,0,8736.2
중구,310,2,3,11,11883.8
중구,189,2,0,5,11292.3
중구,293,0,0,5,10623.6
중구,39,0,0,1,9585.5
중구,189,4,2,1,11070.5
중구,423,0,2,21,11481.6
중구,527,0,0,2,11342.6
중구,41,1,0,3,12469.8
중구,179,0,0,22,11388.7
중구,12,1,0,2,12347.5
성동구,27,0,1,3,10292.5
성동구,62,0,0,0,10234.7
성동구,38,0,0,0,9393.6
성동구,27,1,0,14,9844.1
구로구,3,0,1,0,9779.6
구로구,6,0,0,0,8968.3
구로구,17,0,0,7,9190.5
구로구,34,0,3,0,10599.1
구로구,38,1,2,0,9975.4
구로구,28,0,0,0,9316.2
구로구,16,0,0,0,7976.0
구로구,2,0,0,1,4890.6
구로구,23,0,0,4,9821.7
구로구,18,0,0,0,8038.6
서초구,101,1,1,7,11056.4
서초구,13,0,0,0,9877.4
서초구,32,1,0,0,9908.8
서초구,59,0,2,2,10349.6
서초구,0,0,0,0,0.0
서초구,4,0,1,0,9647.5
서초구,10,0,0,0,10879.5
서초구,8,0,0,2,11592.1
서초구,41,2,0,0,11847.5
서초구,35,1,0,1,10043.7
서초구,1,0,0,0,0.0
서초구,6,0,0,2,11274.9
서초구,5,0,0,0,6904.1
서초구,18,1,0,1,8291.0
서초구,24,0,0,0,10006.9
서초구,27,0,0,1,10856.1
서초구,10,0,1,0,9822.8
서초구,43,0,0,0,10203.1
서초구,0,0,0,0,0.0
서초구,0,0,0,0,11902.3
서초구,45,0,0,1,10311.5
서초구,34,0,1,2,10944.2
서초구,119,0,3,1,10581.6
서초구,73,1,1,0,9074.6
종로구,188,1,0,8,12272.5
종로구,125,0,0,3,11187.9
종로구,99,0,0,4,11957.7
종로구,82,0,1,0,7757.3
종로구,3,0,0,0,0.0
종로구,74,0,0,2,10459.4
종로구,70,6,1,0,9954.8
종로구,23,0,0,0,8956.1
종로구,14,4,1,0,9693.8
종로구,4,0,0,0,7487.5
종로구,0,1,0,0,10452.0
종로구,2,0,0,0,0.0
종로구,0,1,0,0,9427.7
종로구,75,3,0,4,12281.1
종로구,17,0,1,1,11547.2
종로구,30,0,0,0,10024.4
종로구,4,0,0,0,9708.9
종로구,57,0,1,10,10141.8
종로구,267,3,0,16,12074.1
종로구,2,0,0,0,9624.2
종로구,35,1,0,3,12011.1
종로구,163,0,1,7,10345.9
종로구,246,1,0,14,9956.0
종로구,93,0,0,0,3955.1
종로구,69,0,0,1,10136.8
종로구,411,0,1,15,11002.5
용산구,57,0,1,0,8707.9
용산구,12,0,0,0,9284.8
용산구,13,0,1,0,8716.2
용산구,0,0,0,0,0.0
용산구,2,1,0,0,12080.2
용산구,31,0,0,0,9296.8
용산구,0,0,0,1,11437.3
용산구,1,0,0,0,0.0
용산구,8,0,0,0,6874.7
용산구,6,0,0,1,11123.0
마포구,2,0,0,0,8303.4
마포구,2,1,0,0,8632.1
마포구,68,0,1,0,10609.2
마포구,2,0,0,0,5409.7
마포구,32,1,1,0,9949.5
마포구,28,1,1,10,9198.0
마포구,88,0,0,0,10072.2
마포구,62,0,0,0,9943.8
마포구,33,0,0,0,8860.2
마포구,567,2,2,2,12066.9
양천구,17,0,0,0,8525.9
양천구,3,0,2,0,10365.3
양천구,2,0,0,0,5628.5
양천구,0,0,0,0,0.0
양천구,1,0,1,0,8995.8
관악구,46,0,2,0,9438.5
관악구,18,0,0,0,8688.1
관악구,2,0,0,0,3707.4
관악구,50,2,2,1,10602.8
관악구,21,0,0,0,8777.3
관악구,17,0,0,0,8151.6
관악구,10,1,0,0,8701.1
관악구,31,1,2,1,9899.1
관악구,27,1,3,8,10483.0
송파구,6,0,0,0,7700.2
송파구,11,1,0,0,10704.4
송파구,10,0,0,0,7652.6
송파구,8,0,1,0,8263.1
송파구,57,0,1,0,9797.4
송파구,57,1,2,0,9594.2
송파구,0,0,0,0,11697.2
송파구,0,0,0,0,0.0
송파구,3,0,0,0,0.0
금천구,0,0,0,0,0.0
금천구,18,0,0,2,10886.7
금천구,43,0,2,2,9446.9
금천구,58,0,1,0,9526.1
금천구,2,0,0,0,5135.8
금천구,21,0,1,0,11642.9
영등포구,0,0,0,0,0.0
영등포구,0,0,0,0,10902.2
영등포구,0,0,0,0,8644.2
영등포구,12,0,0,1,9104.1
영등포구,43,0,0,0,9062.9
영등포구,8,2,1,0,11405.7
영등포구,9,0,0,0,11871.9
영등포구,45,1,0,1,8406.1
영등포구,86,0,0,29,11043.7
영등포구,52,0,1,0,9001.2
영등포구,20,0,0,0,8743.3
영등포구,106,1,1,1,11266.0
영등포구,4,0,0,0,9132.4
동작구,16,0,1,0,8412.6
동작구,9,0,0,0,8530.3
동작구,26,1,1,0,9951.8
동작구,13,0,0,4,10031.0
동작구,115,1,1,0,10214.2
동작구,41,1,2,0,10266.5
동작구,79,0,2,3,10014.1
강동구,0,1,0,0,9147.1
강동구,49,1,6,0,10318.8
강동구,0,0,0,0,0.0
강동구,23,2,2,0,9923.7
강동구,15,0,0,0,8652.7
강동구,74,1,2,4,11380.8
강북구,71,0,0,1,9774.9
강북구,14,0,1,0,8506.3
강북구,39,0,0,0,8854.9
강북구,28,0,2,1,8928.9
노원구,0,0,0,0,8165.7
노원구,5,0,0,0,7163.8
노원구,9,0,2,0,10137.5
노원구,0,0,0,0,6970.3
성북구,13,0,0,0,10193.0
성북구,1,1,0,0,7984.7
성북구,11,0,0,0,7892.0
성북구,3,0,0,0,9554.8
성북구,107,1,1,1,9944.7
성북구,16,0,0,0,7737.2
강남구,74,0,1,2,11889.2
강남구,107,1,3,0,10691.3
강남구,36,0,0,0,8314.5
강남구,49,1,0,0,9032.3
강남구,33,0,0,0,9625.3
강남구,157,2,2,0,10439.9
강남구,2,1,0,0,8258.3
강남구,5,0,1,0,5711.3
강남구,0,0,0,0,0.0
강남구,81,0,1,3,9572.8
강남구,33,1,2,0,10490.6
강남구,2,0,0,0,0.0
강남구,17,0,0,0,10373.6
강남구,9,0,1,0,8462.5
강남구,10,0,0,1,11144.2
강남구,61,2,1,0,10512.0
강남구,20,0,0,1,8359.5
강남구,4,0,1,0,9544.2
강남구,112,2,0,10,11855.5
강남구,94,2,0,2,11404.6
강남구,252,2,3,4,11236.6
강남구,26,0,0,0,9365.3
강남구,0,0,0,0,0.0
강남구,0,0,0,0,0.0
강남구,25,0,0,0,8522.7
강남구,44,1,1,0,9654.1
강남구,32,0,0,0,9503.5
강남구,60,1,2,5,10950.3
강남구,0,0,0,0,0.0
강남구,0,0,0,0,0.0
강남구,0,0,0,0,0.0
강남구,0,0,0,0,0.0
강남구,16,0,0,0,8141.2
강남구,0,0,0,0,0.0
강남구,33,0,1,0,9067.7
강남구,17,0,0,1,9645.9
강남구,1,0,0,0,7639.7
강남구,45,0,0,0,7893.2
강남구,162,1,0,0,11393.2
강남구,319,2,5,2,11471.2
강남구,185,2,4,0,11131.1
강남구,37,2,0,0,9571.4
강남구,32,0,2,0,9562.8
강남구,10,0,0,0,7916.0
강남구,162,1,1,1,11034.9
강남구,25,0,0,0,9688.3
강남구,19,0,0,0,9102.4
강남구,79,1,0,0,9971.0
강남구,7,0,0,0,7262.7
강남구,13,1,0,0,7478.6
강남구,36,1,1,0,9775.5
강남구,3,0,0,0,8592.7
강남구,14,1,0,1,12420.3
강남구,42,1,0,1,10857.4
강남구,72,0,1,0,10915.8
광진구,0,0,0,0,0.0
광진구,10,0,0,0,9163.1
광진구,11,0,2,0,11644.0
광진구,1,0,0,0,5536.1
광진구,6,0,2,0,6520.1
광진구,46,0,0,0,9257.9
동대문구,64,0,1,0,8581.7
동대문구,54,0,0,0,9472.7
동대문구,22,0,0,5,9452.7
동대문구,28,0,0,0,9488.9
동대문구,30,0,0,0,10571.9
동대문구,81,2,3,0,9873.4
동대문구,44,1,0,0,8096.6
동대문구,2,0,0,0,9060.5
동대문구,14,0,1,0,9687.2
은평구,33,0,1,0,8689.1
은평구,9,0,1,0,7298.6
은평구,36,0,1,2,9081.9
은평구,8,0,1,0,7631.9
중구,199,4,2,17,11989.2
중구,11,0,2,0,8862.8
중구,70,2,2,4,10947.8
중구,34,1,0,5,11944.0
중구,449,0,0,2,10975.3
중구,13,0,0,0,10838.0
중구,31,2,0,0,9329.7
중구,68,1,1,0,9398.5
중구,0,0,0,0,0.0
중구,288,1,1,11,10734.7
중구,242,1,1,8,11235.8
중구,173,0,0,11,10449.2
중구,3,0,0,0,8411.0
중구,20,1,1,0,7565.3
중구,195,4,2,3,11349.9
중구,81,1,1,2,9258.7
중구,37,1,0,4,9757.4
중구,108,0,0,2,10254.0
중구,106,0,0,5,11483.7
성동구,2,0,0,0,4396.9
성동구,11,0,0,0,7469.0
성동구,21,0,0,0,8946.3
성동구,21,0,0,0,9281.7
구로구,3,0,1,0,9533.8
구로구,6,0,0,0,9138.9
구로구,18,0,0,7,9205.2
구로구,34,0,3,0,10717.5
구로구,38,1,2,0,9756.2
구로구,28,0,0,0,8898.1
구로구,16,0,0,0,7863.0
구로구,2,0,0,1,4738.9
구로구,23,0,0,4,9651.1
구로구,18,0,0,0,8107.8
서초구,101,1,1,7,11198.6
서초구,13,0,0,0,9978.1
서초구,32,1,0,0,9983.2
서초구,59,0,2,2,10321.9
서초구,0,0,0,0,0.0
서초구,4,0,1,0,9886.3
서초구,10,0,0,0,10504.4
서초구,8,0,0,2,11659.1
서초구,41,2,0,0,11797.8
서초구,35,1,0,1,10143.1
서초구,1,0,0,0,0.0
서초구,6,0,0,2,11267.7
서초구,5,0,0,0,7021.7
서초구,18,1,0,1,8596.9
서초구,24,0,0,0,9835.2
서초구,27,0,0,1,10907.8
서초구,10,0,1,0,9555.5
서초구,43,0,0,0,10203.3
서초구,0,0,0,0,0.0
서초구,0,0,0,0,11890.0
서초구,45,0,0,1,10253.2
서초구,34,0,1,2,10819.2
서초구,119,0,3,1,10746.7
서초구,73,1,1,0,8718.9
종로구,188,1,0,8,12036.7
종로구,126,0,0,3,11049.9
종로구,99,0,0,4,11754.9
종로구,82,0,1,0,7907.1
종로구,3,0,0,0,0.0
종로구,74,0,0,2,10250.2
종로구,69,6,1,0,9692.6
종로구,23,0,0,0,8961.0
종로구,14,4,1,0,9507.6
종로구,4,0,0,0,7405.7
종로구,0,1,0,0,10260.0
종로구,2,0,0,0,0.0
종로구,0,1,0,0,9334.9
종로구,75,3,0,4,11793.0
종로구,17,0,1,1,11195.9
종로구,30,0,0,0,9652.6
종로구,4,0,0,0,9681.4
종로구,57,0,1,10,9942.1
종로구,268,3,0,16,11881.3
종로구,2,0,0,0,9341.1
종로구,35,1,0,3,11640.3
종로구,146,0,1,7,10246.6
종로구,246,1,0,14,9730.3
종로구,93,0,0,0,4198.5
종로구,69,0,0,1,10120.0
종로구,411,0,1,15,10667.2
용산구,57,0,1,0,8570.3
용산구,13,0,0,0,9075.7
용산구,13,0,1,0,8296.7
용산구,0,0,0,0,0.0
용산구,2,1,0,0,11871.9
용산구,31,0,0,0,9234.9
용산구,0,0,0,1,11477.7
용산구,1,0,0,0,0.0
용산구,8,0,0,0,6886.3
용산구,6,0,0,1,10868.3
마포구,2,0,0,0,8212.6
마포구,2,1,0,0,8423.5
마포구,69,0,1,0,10633.2
마포구,2,0,0,0,5340.5
마포구,32,1,1,0,10013.1
마포구,28,1,1,10,9157.1
마포구,88,0,0,0,9990.5
마포구,62,0,0,0,10025.2
마포구,33,0,0,0,9030.2
마포구,569,2,2,2,11816.1
양천구,17,0,0,0,8913.6
양천구,3,0,2,0,10248.6
양천구,2,0,0,0,5310.7
양천구,0,0,0,0,0.0
양천구,1,0,1,0,7397.8
관악구,46,0,2,0,9413.6
관악구,18,0,0,0,8908.4
관악구,2,0,0,0,4046.8
관악구,50,2,2,1,10373.6
관악구,21,0,0,0,8709.8
관악구,17,0,0,0,8180.4
관악구,10,1,0,0,8928.2
관악구,31,1,2,1,9882.2
관악구,27,1,3,8,10404.1
송파구,6,0,0,0,7690.9
송파구,11,1,0,0,10853.4
송파구,10,0,0,0,7220.5
송파구,8,0,1,0,8320.4
송파구,57,0,1,0,9713.4
송파구,57,1,2,0,9504.3
송파구,0,0,0,0,11527.4
송파구,0,0,0,0,0.0
송파구,3,0,0,0,0.0
금천구,0,0,0,0,0.0
금천구,18,0,0,2,10980.3
금천구,43,0,2,2,9507.8
금천구,58,0,1,0,9464.6
금천구,2,0,0,0,5212.9
금천구,21,0,1,0,11668.7
영등포구,0,0,0,0,0.0
영등포구,0,0,0,0,10491.2
영등포구,0,0,0,0,8818.2
영등포구,12,0,0,1,9120.2
영등포구,43,0,0,0,8456.2
영등포구,8,2,1,0,11010.6
영등포구,9,0,0,0,11629.4
영등포구,45,1,0,1,8302.7
영등포구,86,0,0,29,10987.2
영등포구,52,0,1,0,8990.2
영등포구,20,0,0,0,8839.5
영등포구,106,1,1,1,11002.3
영등포구,4,0,0,0,8989.5
동작구,16,0,1,0,8379.8
동작구,9,0,0,0,8621.5
동작구,26,1,1,0,9827.2
동작구,13,0,0,4,10217.0
동작구,115,1,1,0,10310.6
동작구,41,1,2,0,10382.9
동작구,79,0,2,3,9878.9
강동구,0,1,0,0,9424.6
강동구,49,1,6,0,10342.5
강동구,0,0,0,0,0.0
강동구,23,2,2,0,9890.8
강동구,15,0,0,0,8585.7
강동구,74,1,2,4,11311.1
강북구,71,0,0,1,9664.6
강북구,14,0,1,0,8494.0
강북구,39,0,0,0,8941.7
강북구,28,0,2,1,8959.5
노원구,0,0,0,0,8035.6
노원구,5,0,0,0,7465.1
노원구,9,0,2,0,9531.2
노원구,0,0,0,0,7117.3
성북구,13,0,0,0,9943.8
성북구,1,1,0,0,7261.9
성북구,11,0,0,0,7760.4
성북구,3,0,0,0,9436.6
성북구,107,1,1,1,9849.7
성북구,16,0,0,0,7785.6
강남구,74,0,1,2,12057.7
강남구,107,1,3,0,10677.9
강남구,36,0,0,0,8459.7
강남구,49,1,0,0,8939.4
강남구,34,0,0,0,9637.8
강남구,157,2,2,0,10407.3
강남구,2,1,0,0,8251.9
강남구,5,0,1,0,5509.4
강남구,0,0,0,0,0.0
강남구,81,0,1,3,9663.7
강남구,33,1,2,0,10315.4
강남구,2,0,0,0,0.0
강남구,17,0,0,0,10395.6
강남구,9,0,1,0,8258.7
강남구,10,0,0,1,11066.7
강남구,61,2,1,0,10510.4
강남구,20,0,0,1,8152.3
강남구,4,0,1,0,9553.2
강남구,112,2,0,10,11921.8
강남구,94,2,0,2,11473.5
강남구,252,2,3,4,11208.9
강남구,26,0,0,0,9498.6
강남구,0,0,0,0,0.0
강남구,0,0,0,0,0.0
강남구,25,0,0,0,8601.7
강남구,44,1,1,0,9743.4
강남구,32,0,0,0,9769.9
강남구,60,1,2,5,11035.3
강남구,0,0,0,0,0.0
강남구,0,0,0,0,0.0
강남구,0,0,0,0,0.0
강남구,0,0,0,0,0.0
강남구,16,0,0,0,8046.6
강남구,0,0,0,0,0.0
강남구,33,0,1,0,9051.9
강남구,17,0,0,1,9470.1
강남구,1,0,0,0,8666.0
강남구,45,0,0,0,8031.5
강남구,162,1,0,0,11463.1
강남구,320,2,5,2,11397.6
강남구,183,2,4,0,11066.1
강남구,37,2,0,0,9666.1
강남구,32,0,2,0,9549.1
강남구,10,0,0,0,8032.6
강남구,162,1,1,1,10978.3
강남구,25,0,0,0,9709.3
강남구,19,0,0,0,9183.9
강남구,79,1,1,0,9896.8
강남구,7,0,0,0,7183.1
강남구,13,1,0,0,7358.4
강남구,36,1,1,0,9823.1
강남구,3,0,0,0,8456.8
강남구,14,1,0,1,12528.5
강남구,42,1,0,1,10836.9
강남구,72,0,1,0,11046.6
광진구,0,0,0,0,0.0
광진구,10,0,0,0,9065.0
광진구,11,0,2,0,11548.8
광진구,1,0,0,0,5266.3
광진구,6,0,2,0,6540.4
광진구,46,0,0,0,9337.3
동대문구,64,0,1,0,8411.7
동대문구,54,0,0,0,9148.4
동대문구,22,0,0,5,9309.9
동대문구,28,1,0,0,9070.1
동대문구,30,0,0,0,10618.2
동대문구,81,2,3,0,9748.1
동대문구,44,1,0,0,8184.7
동대문구,2,0,0,0,9140.3
동대문구,14,0,1,0,9077.5
은평구,33,0,1,0,8769.1
은평구,9,0,1,0,7188.8
은평구,36,0,1,2,9077.4
은평구,8,0,1,0,7828.6
중구,199,4,2,17,11875.0
중구,12,0,2,0,9260.4
중구,70,2,2,4,10925.3
중구,34,1,0,5,11827.3
중구,449,0,0,2,10719.0
중구,13,0,0,0,10632.0
중구,31,2,0,0,9378.7
중구,68,1,1,0,9411.3
중구,0,0,0,0,0.0
중구,288,1,1,12,10620.9
중구,242,1,1,8,11073.2
중구,173,0,0,11,10384.2
중구,3,0,0,0,8446.9
중구,20,1,1,0,7472.9
중구,195,4,2,3,11113.1
중구,81,1,1,2,9217.1
중구,37,1,0,4,9140.7
중구,108,0,0,2,10205.2
중구,105,0,0,6,11302.1
성동구,2,0,0,0,4266.3
성동구,11,0,0,0,7488.8
성동구,21,0,0,0,8776.7
성동구,21,0,0,0,9145.4
구로구,2,0,0,0,8394.2
구로구,6,0,1,2,10198.6
구로구,27,0,0,0,8465.8
구로구,2,0,0,0,10877.0
구로구,81,0,1,19,10777.8
구로구,78,1,1,0,9515.7
구로구,6,0,0,0,8729.3
구로구,5,0,0,0,7730.4
구로구,33,0,0,2,9240.2
구로구,4,0,0,0,10445.5
서초구,217,1,1,3,11484.8
서초구,85,0,2,3,10797.9
서초구,24,0,0,0,10716.3
서초구,57,0,1,0,11184.8
서초구,29,1,1,0,11162.1
서초구,12,0,2,9,11036.4
서초구,45,1,0,0,9613.4
서초구,15,0,0,1,11954.6
서초구,71,1,0,2,11529.4
서초구,3,0,0,0,12195.8
서초구,0,0,0,1,11080.0
서초구,127,2,2,2,11116.3
서초구,63,0,0,1,10116.2
서초구,48,2,2,2,9829.3
서초구,99,1,0,0,10499.5
서초구,2,0,0,3,11269.7
서초구,86,0,0,1,10393.5
서초구,18,0,0,0,10825.5
서초구,1,0,0,0,10642.8
서초구,2,0,0,0,10527.4
서초구,57,0,0,1,10020.9
서초구,149,2,3,2,10556.8
서초구,168,0,1,1,10747.9
서초구,106,0,0,0,11432.9
종로구,268,0,1,20,9871.2
종로구,81,3,0,8,8284.8
종로구,104,7,1,5,11623.9
종로구,0,0,0,0,0.0
종로구,1,0,0,0,4677.4
종로구,159,0,0,2,8670.9
종로구,90,11,1,0,10598.5
종로구,57,0,0,0,9109.6
종로구,198,3,1,1,10803.9
종로구,21,0,0,1,6494.6
종로구,93,0,1,1,10152.3
종로구,96,1,0,0,9853.9
종로구,13,0,0,0,10709.0
종로구,133,3,2,1,11474.6
종로구,256,0,1,10,10586.3
종로구,84,0,0,1,9511.7
종로구,188,1,2,18,9867.9
종로구,70,0,1,0,10587.7
종로구,324,19,0,17,11619.9
종로구,3,0,0,0,10121.4
종로구,140,0,0,8,11254.5
종로구,163,3,0,20,10499.3
종로구,384,3,2,44,11323.6
종로구,182,1,0,1,8334.7
종로구,189,0,0,0,9485.6
종로구,269,3,0,10,11090.0
용산구,145,2,0,3,10795.1
용산구,54,1,0,0,10120.4
용산구,169,1,1,2,10375.6
용산구,93,0,0,0,10424.1
용산구,6,1,0,1,11991.2
용산구,3,0,0,0,8132.7
용산구,45,1,0,0,8292.1
용산구,51,0,1,0,8508.0
용산구,173,1,0,1,9410.0
용산구,19,0,0,1,8234.6
마포구,0,0,0,1,10989.3
마포구,13,0,0,0,9762.4
마포구,0,0,0,1,10831.3
마포구,88,1,1,1,10767.5
마포구,29,0,1,1,11146.8
마포구,118,1,1,11,10736.2
마포구,54,0,1,1,9821.7
마포구,61,0,0,0,9586.7
마포구,35,1,0,1,10473.9
마포구,1086,4,3,6,12237.7
양천구,19,0,0,0,9447.6
양천구,0,1,0,0,10892.5
양천구,10,0,1,0,9115.8
양천구,21,0,0,0,7418.7
양천구,67,1,1,0,9959.9
송파구,1,0,0,0,8670.8
송파구,1,0,0,0,10695.6
송파구,6,0,0,2,10735.1
송파구,12,0,0,0,8821.6
송파구,100,1,1,26,11364.9
송파구,218,2,1,23,11263.1
송파구,1,0,0,0,11795.7
송파구,0,0,0,1,12347.5
송파구,1,0,0,0,10193.5
관악구,79,0,0,2,10693.9
관악구,87,2,0,0,10135.4
관악구,29,0,0,3,10357.9
관악구,44,1,2,12,11080.5
관악구,75,1,0,4,9699.7
관악구,81,0,0,9,11017.6
관악구,26,0,0,1,9933.4
관악구,74,0,0,36,10444.8
관악구,82,0,1,22,10909.1
금천구,0,0,0,0,10853.7
금천구,0,0,0,0,10906.0
금천구,35,1,1,2,10566.1
금천구,104,0,2,4,10633.2
금천구,1,0,0,0,5557.2
금천구,54,0,1,10,11909.6
강동구,18,0,1,0,10506.2
강동구,51,0,6,25,11193.9
강동구,44,1,1,0,10062.2
강동구,90,0,1,0,10069.1
강동구,16,0,0,0,9338.8
강동구,172,1,2,28,11500.5
영등포구,2,0,0,1,10418.9
영등포구,5,0,0,4,11553.2
영등포구,30,0,0,2,9675.2
영등포구,53,1,0,1,10275.3
영등포구,10,0,0,0,10693.5
영등포구,21,0,0,0,11646.1
영등포구,5,0,0,0,11826.2
영등포구,128,0,0,1,10237.6
영등포구,271,0,1,4,10364.8
영등포구,20,0,0,4,10900.2
영등포구,173,1,1,52,11528.9
영등포구,99,2,2,3,11431.6
영등포구,40,0,0,3,9237.7
동작구,60,0,0,1,10233.3
동작구,21,2,0,0,9209.0
동작구,175,2,1,3,10769.2
동작구,82,0,1,3,10421.2
동작구,3,0,0,0,8881.8
동작구,157,0,0,2,10953.5
동작구,44,0,0,0,11461.4
강북구,86,0,1,18,10975.6
강북구,42,0,0,18,10429.6
강북구,125,0,1,13,10431.4
강북구,53,1,0,3,9446.3
노원구,12,0,0,0,10036.5
노원구,14,0,0,15,10490.5
노원구,118,1,0,0,11432.4
노원구,3,0,0,0,10541.5
성북구,124,1,4,2,10028.8
성북구,18,0,0,0,8206.0
성북구,15,1,4,0,9486.1
성북구,12,0,0,0,10189.4
성북구,255,3,0,9,11137.7
성북구,57,0,0,0,9670.0
강남구,133,0,1,5,11670.5
강남구,195,1,1,2,10660.1
강남구,73,0,0,0,10229.1
강남구,64,0,0,1,10110.7
강남구,67,0,0,3,10693.8
강남구,128,4,3,6,12010.7
강남구,17,1,0,2,9685.3
강남구,76,2,1,2,9854.8
강남구,5,0,1,0,10202.2
강남구,191,1,2,1,10161.9
강남구,59,2,1,0,11641.4
강남구,19,0,1,2,11169.3
강남구,25,0,0,1,10747.9
강남구,7,0,0,1,11434.9
강남구,116,0,0,1,11586.4
강남구,22,0,1,8,11004.1
강남구,53,1,0,0,9848.6
강남구,15,1,1,1,11003.8
강남구,183,2,0,3,11848.6
강남구,93,1,0,10,11845.8
강남구,252,3,2,3,11553.9
강남구,29,0,0,0,9888.6
강남구,2,0,0,0,9081.2
강남구,8,0,1,0,9969.2
강남구,52,0,3,1,10358.3
강남구,40,1,0,0,11134.5
강남구,72,0,0,0,10376.6
강남구,110,0,1,15,12079.0
강남구,13,0,0,0,8533.5
강남구,10,0,0,0,9188.3
강남구,11,1,0,0,9390.7
강남구,8,1,0,0,9016.8
강남구,31,0,0,0,8668.7
강남구,13,1,0,1,9531.9
강남구,58,2,0,0,9981.0
강남구,28,1,1,0,10125.5
강남구,90,0,0,0,10586.3
강남구,100,2,2,4,10591.3
강남구,241,2,1,0,10922.5
강남구,436,3,5,3,11406.0
강남구,221,3,2,3,11974.9
강남구,50,0,1,0,10678.7
강남구,31,0,1,2,10392.6
강남구,38,0,0,1,9576.8
강남구,169,2,3,5,11919.3
강남구,12,0,1,19,10557.4
강남구,22,0,1,2,9269.7
강남구,81,3,2,0,10770.7
강남구,41,0,2,1,9351.8
강남구,17,1,1,0,9648.0
강남구,65,2,0,0,9647.0
강남구,19,0,1,2,10002.5
강남구,1,1,0,1,12745.4
강남구,80,0,0,5,11179.0
강남구,31,0,0,2,11200.3
광진구,1,0,0,0,10120.0
광진구,65,1,1,1,10415.2
광진구,216,0,0,1,11177.8
광진구,96,0,0,3,10457.0
광진구,75,1,2,2,10465.6
광진구,50,0,0,2,10315.5
동대문구,208,0,1,1,9535.4
동대문구,152,1,1,0,10165.6
동대문구,89,0,0,0,10404.1
동대문구,24,1,1,0,9493.0
동대문구,60,1,2,10,11035.9
동대문구,171,1,0,12,11204.4
동대문구,65,0,1,3,10179.5
동대문구,34,2,1,2,10183.2
동대문구,63,0,2,3,10254.0
은평구,111,0,1,14,10538.1
은평구,64,0,0,3,9129.3
은평구,150,1,1,5,10646.2
은평구,33,0,0,4,10033.2
중구,346,3,0,30,12224.5
중구,98,2,0,8,10847.5
중구,110,0,0,29,11330.9
중구,44,0,0,3,10745.3
중구,24,2,0,2,10666.3
중구,17,1,0,1,10238.7
중구,131,0,1,1,10200.2
중구,72,0,0,3,10607.4
중구,23,0,1,0,9183.4
중구,311,2,3,11,11181.2
중구,172,2,0,5,10122.7
중구,294,0,0,5,9982.4
중구,40,0,0,1,9737.1
중구,189,4,2,1,10681.0
중구,424,0,2,21,11445.2
중구,527,0,0,2,11240.3
중구,41,1,0,3,11777.4
중구,179,0,0,22,11187.4
중구,12,1,0,2,12253.0
성동구,27,0,1,3,9987.4
성동구,62,0,0,0,10472.5
성동구,38,0,0,0,9731.4
성동구,27,1,0,14,10215.7
구로구,2,0,0,0,9125.7
구로구,6,0,1,2,10889.7
구로구,27,0,0,0,8807.7
구로구,2,0,0,0,11692.0
구로구,81,0,1,19,11149.7
구로구,78,1,1,0,9777.1
구로구,6,0,0,0,9185.2
구로구,5,0,0,0,8231.9
구로구,33,0,0,2,9302.3
구로구,4,0,0,0,10350.3
서초구,217,1,1,3,11539.5
서초구,85,0,2,3,10844.1
서초구,24,0,0,0,10311.9
서초구,58,0,1,0,10590.4
서초구,29,1,1,0,10269.4
서초구,12,0,2,9,11297.9
서초구,45,1,0,0,9936.4
서초구,15,0,0,1,11777.1
서초구,71,1,0,2,11470.2
서초구,3,0,0,0,12249.0
서초구,0,0,0,1,10857.3
서초구,127,2,2,2,11374.9
서초구,63,0,0,1,10477.0
서초구,48,2,2,2,10200.1
서초구,99,1,0,0,10929.2
서초구,2,0,0,3,11319.3
서초구,86,0,0,1,10775.1
서초구,18,0,0,0,9988.9
서초구,1,0,0,0,9670.2
서초구,2,0,0,0,9945.0
서초구,57,0,0,1,10291.4
서초구,149,2,3,2,10685.3
서초구,169,0,1,1,10969.3
서초구,106,0,0,0,10819.6
종로구,268,0,1,20,10346.3
종로구,81,3,0,8,9243.7
종로구,104,7,1,5,12084.9
종로구,0,0,0,0,0.0
종로구,1,0,0,0,6693.7
종로구,159,0,0,2,8898.4
종로구,90,11,1,0,10699.6
종로구,57,0,0,0,9152.2
종로구,199,3,1,1,10858.8
종로구,21,0,0,1,6626.5
종로구,93,0,1,1,10228.8
종로구,96,1,0,0,10101.6
종로구,13,0,0,0,11153.5
종로구,133,3,2,1,12271.5
종로구,256,0,1,10,10967.8
종로구,84,0,0,1,9612.6
종로구,188,1,2,18,10421.4
종로구,70,0,1,0,11326.0
종로구,324,19,0,17,12031.2
종로구,3,0,0,0,10897.5
종로구,140,0,0,8,11402.4
종로구,163,3,0,20,10899.3
종로구,384,3,2,44,11501.2
종로구,182,1,0,1,8951.1
종로구,190,0,0,0,9676.3
종로구,269,3,0,10,11560.3
용산구,145,2,0,3,10803.2
용산구,54,1,0,0,10178.1
용산구,169,1,1,2,10682.8
용산구,93,0,0,0,10388.9
용산구,6,1,0,1,12472.8
용산구,3,0,0,0,8906.7
용산구,45,1,0,0,9733.7
용산구,51,0,1,0,9234.0
용산구,173,1,0,1,10149.8
용산구,19,0,0,1,8487.6
마포구,0,0,0,1,11517.4
마포구,13,0,0,0,10741.4
마포구,0,0,0,1,10968.5
마포구,88,1,1,1,11443.6
마포구,29,0,1,1,11912.8
마포구,118,1,1,11,11279.6
마포구,54,0,1,1,10338.9
마포구,61,0,0,0,10157.8
마포구,35,1,0,1,10698.1
마포구,1089,4,3,5,12475.2
양천구,19,0,0,0,9752.0
양천구,0,1,0,0,10820.1
양천구,10,0,1,0,9652.9
양천구,20,0,0,0,8059.2
양천구,67,1,1,0,10410.7
송파구,1,0,0,0,8573.4
송파구,1,0,0,0,10821.7
송파구,6,0,0,2,10605.1
송파구,12,0,0,0,9235.1
송파구,100,1,1,26,11534.1
송파구,218,2,1,23,11645.1
송파구,1,0,0,0,11211.9
송파구,0,0,0,1,11943.2
송파구,1,0,0,0,10386.9
관악구,79,0,0,2,11066.7
관악구,87,2,0,0,10821.8
관악구,29,0,0,3,10724.8
관악구,45,1,2,12,11842.3
관악구,75,1,0,4,10362.5
관악구,81,0,0,9,11464.1
관악구,26,0,0,1,10641.5
관악구,75,0,0,35,11074.1
관악구,82,0,1,22,11386.0
금천구,0,0,0,0,10931.3
금천구,0,0,0,0,11078.2
금천구,35,1,1,3,10947.2
금천구,104,0,2,4,10843.7
금천구,1,0,0,0,5991.4
금천구,54,0,1,10,11718.7
강동구,18,0,1,0,10988.9
강동구,52,0,6,25,11564.2
강동구,44,1,1,0,10340.7
강동구,90,0,1,0,10464.3
강동구,16,0,0,0,9552.2
강동구,172,1,2,28,11644.3
영등포구,2,0,0,1,10816.3
영등포구,5,0,0,4,12032.8
영등포구,30,0,0,2,10170.7
영등포구,53,1,0,1,10634.5
영등포구,10,0,0,0,11169.0
영등포구,21,0,0,0,12125.5
영등포구,5,0,0,0,12323.2
영등포구,128,0,0,1,10761.6
영등포구,271,0,1,4,11022.1
영등포구,20,0,0,4,11185.3
영등포구,173,1,1,52,11721.8
영등포구,99,2,2,3,11900.6
영등포구,40,0,0,3,10555.0
동작구,61,0,0,1,10694.9
동작구,21,2,0,0,10011.2
동작구,176,2,1,3,10968.4
동작구,82,0,1,3,10773.2
동작구,3,0,0,0,9414.6
동작구,153,0,0,6,11423.8
동작구,45,0,0,0,12246.2
강북구,86,0,1,18,10843.0
강북구,42,0,0,18,10560.4
강북구,125,0,1,13,10748.5
강북구,54,1,0,3,9897.6
노원구,12,0,0,0,9737.9
노원구,14,0,0,15,10798.6
노원구,118,1,0,0,11475.3
노원구,3,0,0,0,9828.8
성북구,124,1,4,2,10557.2
성북구,18,0,0,0,8515.0
성북구,15,1,4,0,9980.5
성북구,12,0,0,0,10252.8
성북구,255,3,0,9,11440.9
성북구,57,0,0,0,9817.1
강남구,133,0,1,5,11549.7
강남구,195,1,1,1,11015.1
강남구,73,0,0,0,10238.6
강남구,64,0,0,1,10389.1
강남구,67,0,0,3,10490.1
강남구,128,4,3,6,12048.9
강남구,17,1,0,2,9759.7
강남구,75,2,1,2,10247.3
강남구,5,0,1,0,10335.7
강남구,191,1,2,1,10237.0
강남구,59,2,1,0,11041.3
강남구,19,0,1,2,10751.8
강남구,25,0,0,1,10559.6
강남구,7,0,0,1,10861.8
강남구,117,0,0,1,11416.6
강남구,22,0,1,8,10636.6
강남구,54,1,0,0,9812.7
강남구,15,1,1,1,11086.7
강남구,183,2,0,3,11795.5
강남구,95,1,0,10,11880.0
강남구,252,3,2,3,11654.0
강남구,29,0,0,0,9320.7
강남구,2,0,0,0,9429.3
강남구,8,0,1,0,9855.2
강남구,52,0,3,1,10431.2
강남구,40,1,0,0,10937.1
강남구,72,0,0,0,10337.5
강남구,111,0,1,16,11904.7
강남구,13,0,0,0,8787.4
강남구,10,0,0,0,9423.6
강남구,11,1,0,0,9355.4
강남구,8,1,0,0,8830.8
강남구,31,0,0,0,9480.5
강남구,13,1,0,1,9633.7
강남구,58,2,0,0,10493.9
강남구,28,1,1,0,10056.6
강남구,90,0,0,0,11002.2
강남구,101,2,2,4,10708.9
강남구,242,1,1,0,11254.4
강남구,436,3,5,3,11658.2
강남구,222,3,2,3,11782.2
강남구,49,0,1,0,10655.1
강남구,32,0,1,2,10351.4
강남구,38,0,0,1,9830.1
강남구,169,2,3,5,11825.1
강남구,12,0,1,19,10576.8
강남구,22,0,1,2,9759.3
강남구,81,3,2,0,10949.6
강남구,41,0,2,1,9817.0
강남구,17,1,1,0,9613.5
강남구,65,2,0,0,9936.1
강남구,20,0,1,2,9824.2
강남구,1,1,0,1,12516.3
강남구,80,0,0,5,10767.5
강남구,31,0,0,2,11169.8
광진구,1,0,0,0,10797.4
광진구,65,1,1,1,10662.6
광진구,216,0,0,1,11287.9
광진구,96,0,0,3,10721.6
광진구,75,1,2,2,10743.3
광진구,50,0,0,2,10727.2
동대문구,208,0,1,1,10022.8
동대문구,152,1,1,0,10490.7
동대문구,89,0,0,0,10589.6
동대문구,24,1,1,0,9934.9
동대문구,60,1,2,10,11369.3
동대문구,171,1,0,12,11500.8
동대문구,65,0,1,3,10430.5
동대문구,34,2,1,2,10318.6
동대문구,63,0,2,3,10708.3
은평구,111,0,1,14,11069.3
은평구,64,0,0,3,9530.2
은평구,150,1,1,5,11070.0
은평구,33,0,0,4,10447.1
중구,346,3,0,30,12342.0
중구,98,2,0,8,11225.8
중구,110,0,0,29,11757.7
중구,44,0,0,3,11421.6
중구,24,2,0,2,11508.8
중구,17,1,0,1,11073.6
중구,131,0,1,1,10376.6
중구,72,0,0,3,10763.5
중구,23,0,1,0,9314.9
중구,311,2,3,11,11630.7
중구,172,2,0,6,11010.2
중구,294,0,0,5,10300.8
중구,40,0,0,1,9848.8
중구,189,4,2,1,10922.7
중구,425,0,2,21,11757.7
중구,527,0,0,2,11302.8
중구,41,1,0,3,11848.5
중구,179,0,0,23,11478.6
중구,12,1,0,2,12756.3
성동구,27,0,1,3,10552.6
성동구,62,0,0,0,10424.4
성동구,38,0,0,0,9982.4
성동구,27,1,0,14,10383.9
구로구,2,0,0,0,9363.8
구로구,6,0,1,2,11288.4
구로구,27,0,0,0,9423.4
구로구,2,0,0,0,12150.9
구로구,81,0,1,19,11888.5
구로구,78,1,1,0,10136.6
구로구,6,0,0,0,9991.1
구로구,5,0,0,0,8415.8
구로구,33,0,0,2,9844.8
구로구,4,0,0,0,10926.4
서초구,218,1,1,1,11954.5
서초구,85,0,2,3,11303.9
서초구,24,0,0,0,10856.2
서초구,58,0,1,0,11136.8
서초구,29,1,1,0,11131.5
서초구,12,0,2,9,11839.1
서초구,45,1,0,0,10343.4
서초구,15,0,0,1,12531.4
서초구,71,1,0,2,12069.0
서초구,3,0,0,0,12360.4
서초구,0,0,0,1,10950.5
서초구,127,2,2,2,11673.5
서초구,63,0,0,1,10771.8
서초구,48,2,2,2,10386.6
서초구,99,1,0,0,10997.9
서초구,2,0,0,3,11974.1
서초구,86,0,0,1,10976.2
서초구,18,0,0,0,10622.5
서초구,1,0,0,0,10532.4
서초구,2,0,0,0,10911.8
서초구,57,0,0,1,10554.3
서초구,148,2,3,2,11110.0
서초구,169,0,1,1,11340.0
서초구,106,0,0,0,11692.1
종로구,268,0,1,20,10830.4
종로구,81,3,0,7,10051.8
종로구,104,7,1,5,12592.9
종로구,0,0,0,0,0.0
종로구,1,0,0,0,7234.9
종로구,159,0,0,2,9229.7
종로구,90,11,1,0,11050.3
종로구,57,0,0,0,9818.8
종로구,199,3,1,1,11174.7
종로구,21,0,0,1,6622.3
종로구,95,0,1,1,10237.6
종로구,97,1,0,0,10382.1
종로구,13,0,0,0,11770.6
종로구,133,3,2,1,12540.6
종로구,256,0,1,10,11272.9
종로구,84,0,0,1,9925.6
종로구,188,1,2,18,11112.6
종로구,70,0,1,0,11615.4
종로구,324,19,0,17,12376.9
종로구,3,0,0,0,11402.0
종로구,140,0,0,8,11534.6
종로구,163,3,0,20,11286.6
종로구,385,3,2,44,11630.8
종로구,182,1,0,1,9272.6
종로구,190,0,0,0,9785.1
종로구,269,3,0,10,12178.6
용산구,145,2,0,3,11074.8
용산구,54,1,0,0,10244.5
용산구,170,1,1,2,11202.7
용산구,93,0,0,0,10579.4
용산구,6,1,0,1,12801.9
용산구,3,0,0,0,10160.8
용산구,45,1,0,0,10170.5
용산구,52,0,1,0,9575.2
용산구,173,1,0,1,10570.9
용산구,19,0,0,1,8678.9
마포구,0,0,0,1,11711.8
마포구,13,0,0,0,11135.0
마포구,0,0,0,1,10973.5
마포구,88,1,1,1,11753.3
마포구,29,0,1,1,12364.1
마포구,118,1,1,11,11603.3
마포구,54,0,1,1,10883.5
마포구,61,0,0,0,10443.4
마포구,35,1,0,1,11081.8
마포구,1091,4,3,5,12832.1
양천구,19,0,0,0,9862.4
양천구,0,1,0,0,10880.9
양천구,10,0,1,0,9848.1
양천구,20,0,0,0,8490.5
양천구,67,1,1,0,10985.5
송파구,1,0,0,0,9101.4
송파구,1,0,0,0,11670.8
송파구,6,0,0,2,11166.5
송파구,12,0,0,0,9468.7
송파구,100,1,1,26,11899.7
송파구,218,2,1,23,11996.2
송파구,1,0,0,0,11960.4
송파구,0,0,0,1,12203.3
송파구,1,0,0,0,10326.7
관악구,79,0,0,2,11711.9
관악구,87,2,0,0,11014.8
관악구,29,0,0,3,10880.4
관악구,45,1,2,11,12177.3
관악구,75,1,0,4,10983.4
관악구,81,0,0,9,11610.8
관악구,26,0,0,1,10872.8
관악구,75,0,0,35,11410.8
관악구,82,0,1,22,11893.7
금천구,0,0,0,0,11130.1
금천구,0,0,0,0,11631.0
금천구,35,1,1,3,11525.8
금천구,104,0,2,4,11348.5
금천구,1,0,0,0,6657.8
금천구,54,0,1,10,12095.0
강동구,18,0,1,0,11252.0
강동구,52,0,6,25,11928.5
강동구,44,1,1,0,10696.4
강동구,90,0,1,0,10977.4
강동구,16,0,0,0,9833.4
강동구,172,1,2,28,12149.3
영등포구,2,0,0,1,11204.4
영등포구,5,0,0,4,12388.6
영등포구,30,0,0,2,10369.4
영등포구,53,1,0,1,11022.8
영등포구,10,0,0,0,11570.8
영등포구,21,0,0,0,12541.8
영등포구,5,0,0,0,12661.4
영등포구,128,0,0,1,10923.2
영등포구,269,0,1,4,11359.5
영등포구,20,0,0,4,11676.0
영등포구,173,1,1,52,11974.7
영등포구,99,2,2,3,12114.9
영등포구,40,0,0,3,11016.5
동작구,61,0,0,1,10972.8
동작구,21,2,0,0,10297.0
동작구,176,2,1,3,11210.9
동작구,83,0,1,3,10978.0
동작구,3,0,0,0,9922.6
동작구,153,0,0,6,11634.6
동작구,44,0,0,0,12583.6
강북구,87,0,1,17,11095.8
강북구,42,0,0,18,10997.4
강북구,126,0,1,13,11165.0
강북구,54,1,0,3,10051.0
노원구,12,0,0,0,9946.6
노원구,14,0,0,15,11138.6
노원구,118,1,0,0,11732.5
노원구,3,0,0,0,10436.1
성북구,124,1,4,2,11132.0
성북구,18,0,0,0,8843.7
성북구,15,1,4,0,10384.9
성북구,12,0,0,0,10538.6
성북구,254,3,0,9,11643.0
성북구,56,0,0,0,10165.4
강남구,133,0,1,5,12088.1
강남구,196,1,1,1,11231.5
강남구,72,0,0,0,10648.4
강남구,64,0,0,1,11031.9
강남구,67,0,0,3,10803.6
강남구,128,4,3,6,12529.8
강남구,17,1,0,2,10187.6
강남구,76,2,1,2,10834.0
강남구,5,0,1,0,10473.1
강남구,192,1,2,1,10827.1
강남구,60,2,1,0,11897.2
강남구,19,0,1,2,11365.1
강남구,25,0,0,1,11003.1
강남구,7,0,0,1,11693.4
강남구,117,0,0,1,11962.9
강남구,22,0,1,8,11426.8
강남구,54,1,0,0,10194.6
강남구,15,1,1,1,11468.0
강남구,184,2,0,3,12056.4
강남구,97,1,0,10,12385.8
강남구,253,3,2,3,12039.7
강남구,29,0,0,0,10070.9
강남구,2,0,0,0,9384.0
강남구,8,0,1,0,10063.9
강남구,53,0,3,1,10751.9
강남구,40,1,0,0,11727.1
강남구,73,0,0,0,10865.0
강남구,111,0,1,16,12198.9
강남구,13,0,0,0,9219.2
강남구,10,0,0,0,9618.1
강남구,11,1,0,0,9380.7
강남구,8,1,0,0,9429.6
강남구,31,0,0,0,10183.9
강남구,13,1,0,1,9973.2
강남구,60,2,0,0,10632.6
강남구,28,1,1,0,10458.2
강남구,90,0,0,0,11032.9
강남구,102,2,2,4,11029.8
강남구,241,1,1,0,11362.2
강남구,436,3,5,3,11944.3
강남구,223,3,2,3,12009.0
강남구,49,0,1,0,10935.7
강남구,32,0,1,2,10754.4
강남구,38,0,0,1,10079.4
강남구,169,2,3,5,12541.1
강남구,12,0,1,19,11124.7
강남구,22,0,1,2,10140.7
강남구,81,3,2,0,11377.2
강남구,41,0,2,1,10121.6
강남구,17,1,1,0,10138.9
강남구,65,2,0,0,10464.8
강남구,20,0,1,2,10438.6
강남구,1,1,0,1,12980.1
강남구,81,0,0,5,11528.5
강남구,31,0,0,2,11611.4
광진구,1,0,0,0,11565.6
광진구,65,1,1,1,10920.6
광진구,215,0,0,1,11409.1
광진구,96,0,0,3,11184.4
광진구,75,1,2,2,11060.0
광진구,50,0,0,2,11171.4
동대문구,208,0,1,1,10201.9
동대문구,152,1,1,0,11167.5
동대문구,89,0,0,0,10776.7
동대문구,24,1,1,0,10319.2
동대문구,60,1,2,10,11879.6
동대문구,171,1,0,12,11787.2
동대문구,65,0,1,3,10868.5
동대문구,34,2,1,2,10661.8
동대문구,64,0,2,3,11109.4
은평구,112,0,1,14,11488.4
은평구,64,0,0,3,9745.7
은평구,150,1,1,5,11264.3
은평구,33,0,0,4,10616.7
중구,346,3,0,30,12719.2
중구,98,2,0,8,11695.2
중구,110,0,0,29,12099.8
중구,44,0,0,3,11861.5
중구,24,2,0,2,12270.4
중구,17,1,0,1,11438.5
중구,131,0,1,1,10713.4
중구,72,0,0,3,11302.5
중구,23,0,1,0,9602.9
중구,312,2,3,11,11925.7
중구,165,2,0,6,11352.2
중구,294,0,0,5,10729.2
중구,40,0,0,1,10060.8
중구,190,4,2,1,11254.5
중구,427,0,2,21,12276.3
중구,527,0,0,2,11855.0
중구,41,1,0,3,12417.3
중구,179,0,0,23,11728.8
중구,12,1,0,2,13043.6
성동구,27,0,1,3,11107.9
성동구,62,0,0,0,10960.3
성동구,38,0,0,0,10485.8
성동구,28,1,0,14,10850.2
구로구,2,0,0,0,9023.3
구로구,6,0,1,2,11411.9
구로구,27,0,0,0,9657.6
구로구,2,0,0,0,12337.1
구로구,81,0,1,19,12102.0
구로구,78,1,1,0,10312.9
구로구,6,0,0,0,10229.7
구로구,5,0,0,0,8418.9
구로구,33,0,0,2,10041.5
구로구,4,0,0,0,11328.8
서초구,218,1,1,1,12303.3
서초구,83,0,3,3,11535.5
서초구,24,0,0,0,11125.0
서초구,58,0,1,0,11651.8
서초구,29,1,1,0,11388.0
서초구,12,0,2,9,12269.4
서초구,45,1,0,0,10710.8
서초구,15,0,0,1,12760.5
서초구,71,1,0,2,12322.4
서초구,3,0,0,0,12623.4
서초구,0,0,0,1,11154.1
서초구,126,2,2,2,11921.3
서초구,63,0,0,1,10677.5
서초구,48,2,2,2,10413.6
서초구,101,1,0,0,11103.6
서초구,2,0,0,3,12384.1
서초구,86,0,0,1,10845.9
서초구,18,0,0,0,11129.6
서초구,1,0,0,0,10923.8
서초구,2,0,0,0,11194.7
서초구,57,0,0,1,10779.3
서초구,150,2,3,2,11377.6
서초구,169,0,1,1,11689.3
서초구,106,0,0,0,12202.7
종로구,268,0,1,20,10905.0
종로구,81,3,0,7,10083.8
종로구,104,7,1,5,12654.8
종로구,0,0,0,0,0.0
종로구,1,0,0,0,7581.5
종로구,159,0,0,2,9292.7
종로구,90,11,1,0,11175.3
종로구,57,0,0,0,10126.9
종로구,199,3,1,1,11287.6
종로구,21,0,0,1,6715.5
종로구,95,0,1,1,10283.6
종로구,98,1,0,0,10618.7
종로구,13,0,0,0,11938.7
종로구,133,3,2,1,12774.5
종로구,256,0,1,10,11295.8
종로구,84,0,0,1,10234.6
종로구,188,1,2,18,11284.9
종로구,70,0,1,0,11842.0
종로구,325,19,0,17,12525.6
종로구,3,0,0,0,11609.6
종로구,141,0,0,8,11667.5
종로구,163,3,0,20,11409.7
종로구,384,3,2,45,11775.8
종로구,182,1,0,1,9387.3
종로구,190,0,0,0,9854.0
종로구,269,3,0,10,12354.5
용산구,145,2,0,3,11151.5
용산구,54,1,0,0,10456.4
용산구,170,1,1,2,11371.2
용산구,93,0,0,0,10525.7
용산구,6,1,0,1,12877.4
용산구,3,0,0,0,10100.2
용산구,45,1,0,0,10353.2
용산구,52,0,1,0,9619.0
용산구,173,1,0,1,10625.4
용산구,19,0,0,1,8740.8
마포구,0,0,0,1,11715.9
마포구,13,0,0,0,11111.1
마포구,0,0,0,1,11002.4
마포구,88,1,1,1,11834.0
마포구,29,0,1,1,12455.7
마포구,118,1,1,11,11594.2
마포구,54,0,1,1,10879.2
마포구,61,0,0,0,10699.4
마포구,35,1,0,1,11189.9
마포구,1093,4,3,5,12848.0
양천구,19,0,0,0,9868.3
양천구,0,1,0,0,10849.5
양천구,10,0,1,0,10123.2
양천구,20,0,0,0,8503.2
양천구,66,1,1,0,11101.8
송파구,1,0,0,0,9429.5
송파구,1,0,0,0,12141.0
송파구,6,0,0,2,11614.1
송파구,12,0,0,0,9613.5
송파구,100,1,1,26,12180.6
송파구,218,2,1,23,12218.1
송파구,1,0,0,0,12457.3
송파구,0,0,0,1,12671.1
송파구,1,0,0,0,10360.3
관악구,78,0,0,2,11730.7
관악구,87,2,0,0,11158.2
관악구,29,0,0,3,10915.1
관악구,45,1,2,11,12231.2
관악구,75,1,0,4,11011.9
관악구,81,0,0,9,11621.4
관악구,26,0,0,1,10911.7
관악구,72,0,0,35,11511.5
관악구,80,0,1,22,12085.0
금천구,0,0,0,0,11490.5
금천구,0,0,0,0,11755.0
금천구,36,1,1,3,11617.2
금천구,104,0,2,4,11515.6
금천구,1,0,0,0,6534.0
금천구,54,0,1,10,12398.1
강동구,18,0,1,0,11438.3
강동구,52,0,6,25,12163.4
강동구,44,1,1,0,10826.2
강동구,90,0,1,0,11080.2
강동구,16,0,0,0,10190.0
강동구,171,1,2,28,12340.2
영등포구,2,0,0,1,11217.2
영등포구,5,0,0,4,12306.2
영등포구,30,0,0,2,10539.8
영등포구,53,1,0,1,10997.3
영등포구,10,0,0,0,11653.0
영등포구,21,0,0,0,12647.0
영등포구,5,0,0,0,12835.9
영등포구,129,0,0,1,10956.9
영등포구,269,0,1,4,11435.1
영등포구,20,0,0,4,11670.7
영등포구,173,1,1,52,12058.6
영등포구,99,2,2,3,12186.9
영등포구,40,0,0,3,11269.4
동작구,61,0,0,1,10875.8
동작구,21,2,0,0,10307.6
동작구,177,2,1,3,11304.9
동작구,83,0,1,3,11058.6
동작구,3,0,0,0,10294.7
동작구,153,0,0,6,11591.0
동작구,44,0,0,0,12808.4
강북구,87,0,1,17,11461.8
강북구,40,0,0,18,11118.6
강북구,126,0,1,13,11372.8
강북구,54,1,0,3,10186.7
노원구,12,0,0,0,10237.2
노원구,14,0,0,15,11339.2
노원구,117,1,0,0,11868.6
노원구,3,0,0,0,10792.2
성북구,124,1,4,2,11232.1
성북구,18,0,0,0,9001.6
성북구,15,1,4,0,10414.7
성북구,12,0,0,0,11186.5
성북구,254,3,0,9,11697.1
성북구,56,0,0,0,10299.9
강남구,133,0,1,5,12236.2
강남구,196,1,1,1,11418.4
강남구,72,0,0,0,10898.2
강남구,64,0,0,1,11403.4
강남구,67,0,0,3,10960.5
강남구,129,4,3,6,12971.5
강남구,17,1,0,2,10598.1
강남구,76,2,1,2,10971.7
강남구,5,0,1,0,10559.3
강남구,192,1,2,1,10980.7
강남구,60,2,1,0,12240.8
강남구,19,0,1,2,11696.1
강남구,25,0,0,1,11356.0
강남구,7,0,0,1,11954.3
강남구,116,0,1,1,12329.6
강남구,22,0,1,8,11827.5
강남구,54,1,0,0,10628.8
강남구,15,1,1,1,11805.2
강남구,185,2,0,3,12339.7
강남구,98,1,0,10,12794.6
강남구,256,3,2,3,12292.5
강남구,29,0,0,0,10382.1
강남구,2,0,0,0,9486.4
강남구,8,0,1,0,10311.7
강남구,52,0,3,1,11042.7
강남구,40,1,0,0,12040.8
강남구,73,0,0,0,11176.2
강남구,111,0,1,16,12586.8
강남구,13,0,0,0,9557.6
강남구,10,0,0,0,9547.0
강남구,11,1,0,0,9682.6
강남구,8,1,0,0,9715.3
강남구,31,0,0,0,10421.4
강남구,13,1,0,1,10073.6
강남구,60,2,0,0,10796.8
강남구,28,1,1,0,10884.7
강남구,91,0,0,0,11206.1
강남구,99,2,2,4,11321.7
강남구,241,1,1,0,11636.7
강남구,436,3,5,3,12268.6
강남구,224,3,2,3,12286.1
강남구,49,0,1,0,11221.2
강남구,31,0,1,2,11053.0
강남구,38,0,0,1,10325.3
강남구,170,2,3,5,12757.3
강남구,12,0,1,19,11549.5
강남구,22,0,1,2,10173.8
강남구,81,3,2,0,11466.8
강남구,41,0,2,1,10252.4
강남구,17,1,1,0,10445.0
강남구,65,2,0,0,10760.4
강남구,20,0,1,2,10980.6
강남구,1,1,0,1,13395.6
강남구,83,0,0,5,11998.1
강남구,32,0,0,2,11875.3
광진구,1,0,0,0,11615.1
광진구,65,1,1,1,10880.2
광진구,216,0,0,1,11700.0
광진구,96,0,0,3,11417.1
광진구,75,1,2,2,11332.4
광진구,50,0,0,2,11386.8
동대문구,207,0,1,1,10225.6
동대문구,152,1,1,0,11236.7
동대문구,89,0,0,0,10845.0
동대문구,24,1,1,0,10533.2
동대문구,60,1,2,10,12024.4
동대문구,171,1,0,12,12099.4
동대문구,65,0,1,3,10974.2
동대문구,34,2,1,2,10693.8
동대문구,64,0,2,3,11374.3
은평구,112,0,1,14,11445.1
은평구,64,0,0,3,9795.3
은평구,149,1,1,5,11430.3
은평구,33,0,0,4,10646.3
중구,346,3,0,30,12809.8
중구,98,2,0,8,11809.6
중구,110,0,0,29,12180.2
중구,44,0,0,3,11770.4
중구,25,2,0,2,12373.4
중구,16,1,0,1,11769.2
중구,131,0,1,1,10784.3
중구,72,0,0,3,11530.3
중구,23,0,1,0,9558.5
중구,312,2,3,11,12047.8
중구,120,2,0,6,11484.8
중구,294,0,0,5,10967.1
중구,40,0,0,1,10177.9
중구,190,4,2,1,11438.0
중구,427,0,2,21,12256.3
중구,527,0,0,2,12011.1
중구,41,1,0,3,12293.8
중구,179,0,0,23,11753.5
중구,12,1,0,2,13003.8
성동구,27,0,1,3,11456.0
성동구,62,0,0,0,10791.6
성동구,38,0,0,0,10592.1
성동구,28,1,0,14,10926.5
구로구,2,0,0,0,8972.3
구로구,6,0,1,2,11184.1
구로구,27,0,0,0,9564.5
구로구,2,0,0,0,11954.4
구로구,81,0,1,19,11957.1
구로구,78,1,1,0,10286.4
구로구,6,0,0,0,10311.1
구로구,5,0,0,0,8427.2
구로구,33,0,0,2,9957.1
구로구,4,0,0,0,11272.6
서초구,219,1,1,1,12340.6
서초구,85,0,3,3,11685.2
서초구,24,0,0,0,11374.1
서초구,58,0,1,0,11596.9
서초구,29,1,1,0,11427.6
서초구,12,0,2,9,12162.9
서초구,45,1,0,0,10686.1
서초구,15,0,0,1,12902.2
서초구,71,1,0,2,12481.2
서초구,3,0,0,0,12646.7
서초구,0,0,0,1,11326.8
서초구,127,2,2,2,11899.0
서초구,63,0,0,1,10623.1
서초구,48,2,2,2,10421.2
서초구,101,1,0,0,10986.7
서초구,2,0,0,3,12382.6
서초구,86,0,0,1,10723.7
서초구,18,0,0,0,11178.3
서초구,1,0,0,0,11068.1
서초구,2,0,0,0,11347.3
서초구,57,0,0,1,10563.8
서초구,150,2,3,2,11421.9
서초구,169,0,1,1,11680.3
서초구,106,0,0,0,12278.7
종로구,269,0,1,20,10962.6
종로구,81,3,0,7,9971.2
종로구,104,7,1,5,12488.5
종로구,0,0,0,0,0.0
종로구,1,0,0,0,7174.7
종로구,158,0,0,3,8982.2
종로구,90,11,1,0,11015.6
종로구,57,0,0,0,9966.1
종로구,200,3,1,1,11072.8
종로구,21,0,0,1,6696.5
종로구,95,0,1,1,10452.7
종로구,99,1,0,0,10441.0
종로구,13,0,0,0,11699.6
종로구,133,3,2,1,12537.5
종로구,256,0,1,10,10927.9
종로구,84,0,0,1,10119.1
종로구,188,1,2,18,11097.5
종로구,70,0,1,0,11468.8
종로구,323,19,0,16,12332.8
종로구,3,0,0,0,11266.0
종로구,141,0,0,8,11572.7
종로구,162,3,0,20,11303.9
종로구,384,3,2,45,11744.2
종로구,183,1,0,1,9107.9
종로구,190,0,0,0,9994.8
종로구,269,3,0,10,12206.4
용산구,145,2,0,3,11097.5
용산구,54,1,0,0,10355.3
용산구,170,1,1,2,11125.4
용산구,93,0,0,0,10644.6
용산구,6,1,0,1,12763.7
용산구,3,0,0,0,9966.7
용산구,45,1,0,0,10038.2
용산구,52,0,1,0,9489.2
용산구,172,1,0,1,10404.3
용산구,19,0,0,1,8762.6
마포구,0,0,0,1,11499.6
마포구,13,0,0,0,10784.8
마포구,0,0,0,1,10840.8
마포구,88,1,1,1,11643.0
마포구,29,0,1,1,12333.6
마포구,118,1,1,11,11365.8
마포구,54,0,1,1,10759.3
마포구,60,0,0,0,10470.3
마포구,35,1,0,1,10928.5
마포구,1095,4,3,5,12796.3
양천구,19,0,0,0,9813.0
양천구,0,1,0,0,10907.9
양천구,10,0,1,0,10011.0
양천구,20,0,0,0,8427.1
양천구,66,1,1,0,11083.8
송파구,1,0,0,0,9556.6
송파구,1,0,0,0,12123.5
송파구,6,0,0,2,11660.3
송파구,12,0,0,0,9584.7
송파구,100,1,1,26,12231.1
송파구,218,2,1,22,12187.4
송파구,1,0,0,0,12531.4
송파구,0,0,0,1,12665.9
송파구,1,0,0,0,10241.5
관악구,78,0,0,2,11580.0
관악구,87,2,0,0,11155.1
관악구,29,0,0,3,10911.5
관악구,45,1,2,11,12225.9
관악구,75,1,0,4,10981.6
관악구,82,0,0,8,11757.0
관악구,26,0,0,1,10702.2
관악구,72,0,0,35,11464.4
관악구,80,0,1,22,11918.0
금천구,0,0,0,0,11402.6
금천구,0,0,0,0,11607.2
금천구,36,1,1,3,11552.5
금천구,104,0,2,4,11442.2
금천구,1,0,0,0,6514.2
금천구,54,0,1,10,12345.6
강동구,18,0,1,0,11420.7
강동구,52,0,6,25,12130.9
강동구,43,1,1,0,10885.3
강동구,90,0,1,0,11067.8
강동구,16,0,0,0,10038.7
강동구,171,1,2,28,12379.8
영등포구,2,0,0,1,10991.8
영등포구,5,0,0,4,12246.6
영등포구,30,0,0,2,10459.9
영등포구,53,1,0,1,10881.0
영등포구,10,0,0,0,11616.0
영등포구,21,0,0,0,12356.9
영등포구,5,0,0,0,12531.7
영등포구,129,0,0,1,10794.4
영등포구,269,0,1,4,11344.5
영등포구,20,0,0,4,11397.6
영등포구,173,1,1,52,11929.5
영등포구,99,2,2,3,12003.0
영등포구,40,0,0,3,10969.4
동작구,61,0,0,1,10810.6
동작구,21,2,0,0,10125.7
동작구,176,2,1,3,11127.8
동작구,83,0,1,3,10921.7
동작구,3,0,0,0,10217.1
동작구,153,0,0,6,11560.9
동작구,44,0,0,0,12617.0
강북구,87,0,1,17,11628.7
강북구,39,0,0,18,11224.6
강북구,127,0,1,13,11331.0
강북구,54,1,0,3,10337.6
노원구,12,0,0,0,10331.7
노원구,14,0,0,15,11376.6
노원구,118,1,0,0,11829.6
노원구,3,0,0,0,11023.6
성북구,125,1,3,2,11262.9
성북구,18,0,0,0,8908.6
성북구,15,1,4,0,10708.5
성북구,12,0,0,0,11221.6
성북구,256,3,0,9,11691.2
성북구,56,0,0,0,10289.8
강남구,133,0,1,5,12310.0
강남구,196,1,1,1,11335.1
강남구,72,0,0,0,10897.8
강남구,64,0,0,1,11363.3
강남구,67,0,0,3,11196.1
강남구,129,4,3,6,12946.4
강남구,17,1,0,2,10659.7
강남구,76,2,1,2,10929.1
강남구,5,0,1,0,10471.6
강남구,192,1,2,1,10946.7
강남구,60,2,1,0,12453.8
강남구,19,0,1,2,11670.6
강남구,25,0,0,1,11473.0
강남구,7,0,0,1,12155.2
강남구,116,0,1,1,12444.4
강남구,22,0,1,8,11872.4
강남구,54,1,0,0,10591.4
강남구,15,1,1,1,11920.7
강남구,185,2,0,3,12440.2
강남구,98,1,0,10,12732.8
강남구,256,3,2,3,12350.0
강남구,29,0,0,0,10519.9
강남구,2,0,0,0,9627.4
강남구,8,0,1,0,10508.2
강남구,52,0,3,1,11120.7
강남구,40,1,0,0,12090.5
강남구,74,0,0,0,11106.8
강남구,111,0,1,16,12779.9
강남구,13,0,0,0,9748.7
강남구,10,0,0,0,9650.6
강남구,11,1,0,0,9506.8
강남구,8,1,0,0,9823.1
강남구,32,0,0,0,10331.8
강남구,13,1,0,1,10034.9
강남구,60,2,0,0,10823.0
강남구,28,1,1,0,10898.0
강남구,91,0,0,0,11163.5
강남구,97,2,2,4,11347.3
강남구,241,1,1,0,11589.9
강남구,437,3,5,3,12114.6
강남구,225,3,2,3,12292.4
강남구,48,0,1,0,11176.4
강남구,31,1,1,2,11076.5
강남구,38,0,0,1,10292.2
강남구,170,2,3,5,13033.1
강남구,12,0,1,19,11544.5
강남구,22,0,1,2,10251.0
강남구,81,3,2,0,11447.5
강남구,41,0,2,1,10028.4
강남구,17,1,1,0,10543.6
강남구,65,2,0,0,10711.1
강남구,20,0,1,2,10902.0
강남구,1,1,0,1,13443.7
강남구,84,0,0,5,12029.7
강남구,33,0,0,2,11939.9
광진구,1,0,0,0,11140.4
광진구,65,1,1,1,10960.0
광진구,216,0,0,1,11678.3
광진구,96,0,0,3,11356.4
광진구,74,1,2,2,11213.1
광진구,50,0,0,2,11358.0
동대문구,207,0,1,1,10262.0
동대문구,152,1,1,0,11325.5
동대문구,89,0,0,0,10628.3
동대문구,24,1,1,0,10511.2
동대문구,60,1,2,10,12008.9
동대문구,171,1,0,12,11755.4
동대문구,65,0,1,3,11027.3
동대문구,34,2,1,2,10600.0
동대문구,64,0,2,3,11304.4
은평구,112,0,1,14,11312.1
은평구,64,0,0,3,9930.9
은평구,149,1,1,5,11267.3
은평구,33,0,0,4,10514.0
중구,346,3,0,30,12734.7
중구,98,2,0,8,11617.6
중구,110,0,0,29,11970.3
중구,44,0,0,3,11611.3
중구,25,2,0,2,11948.0
중구,17,1,0,1,11589.0
중구,131,0,1,1,10826.6
중구,72,0,0,3,11164.4
중구,23,0,1,0,9489.2
중구,312,2,3,11,11847.0
중구,120,2,0,6,11061.5
중구,295,0,0,5,10763.9
중구,40,0,0,1,10314.2
중구,190,4,2,1,11288.1
중구,427,0,2,21,12032.6
중구,527,0,0,2,11557.4
중구,41,1,0,3,12093.8
중구,179,0,0,24,11811.0
중구,12,1,0,2,12703.8
성동구,27,0,1,3,11490.8
성동구,62,0,0,0,11005.8
성동구,38,0,0,0,10530.3
성동구,28,1,0,14,10872.1
구로구,2,0,0,0,9242.4
구로구,6,0,1,2,11094.0
구로구,27,0,0,0,9538.5
구로구,2,0,0,0,11897.8
구로구,81,0,1,19,11979.1
구로구,78,1,1,0,10043.2
구로구,6,0,0,0,10144.3
구로구,5,0,0,0,8327.3
구로구,33,0,0,2,9918.8
구로구,4,0,0,0,11002.1
서초구,222,1,1,1,12170.8
서초구,85,0,3,3,11568.2
서초구,24,0,0,0,11092.2
서초구,58,0,1,0,11278.4
서초구,29,1,1,0,11187.5
서초구,12,0,2,9,12063.6
서초구,45,1,0,0,10471.8
서초구,15,0,0,1,12526.5
서초구,71,1,0,2,12085.4
서초구,3,0,0,0,12451.0
서초구,0,0,0,1,10943.9
서초구,127,2,2,2,11735.2
서초구,63,0,0,1,10611.7
서초구,48,2,2,2,10160.7
서초구,101,1,0,0,10894.0
서초구,2,0,0,3,12181.8
서초구,85,0,0,1,10813.2
서초구,18,0,0,0,10976.4
서초구,1,0,0,0,10830.5
서초구,2,0,0,0,11033.2
서초구,57,0,0,1,10633.9
서초구,150,2,3,2,11259.4
서초구,170,0,1,1,11460.6
서초구,106,0,0,0,12013.7
종로구,269,0,1,20,11001.6
종로구,81,3,0,7,9803.1
종로구,104,7,1,5,12399.6
종로구,0,0,0,0,0.0
종로구,1,0,0,0,6902.3
종로구,158,0,0,3,9124.7
종로구,90,11,1,0,10845.6
종로구,57,0,0,0,9941.8
종로구,200,3,1,1,10974.6
종로구,21,0,0,1,6640.3
종로구,95,0,1,1,10301.8
종로구,98,1,0,0,10397.6
종로구,13,0,0,0,11446.3
종로구,133,3,2,1,12217.4
종로구,256,0,1,10,10999.6
종로구,84,0,0,1,10108.9
종로구,188,1,2,18,10973.3
종로구,70,0,1,0,11312.0
종로구,323,19,0,16,12364.7
종로구,3,0,0,0,11128.7
종로구,141,0,0,8,11395.5
종로구,162,3,0,20,11202.7
종로구,384,3,2,45,11761.0
종로구,183,1,0,1,9027.6
종로구,190,0,0,0,10005.2
종로구,265,4,0,10,12011.1
용산구,145,2,0,3,11008.4
용산구,54,1,0,0,10303.2
용산구,170,1,1,2,10929.0
용산구,93,0,0,0,10463.6
용산구,6,1,0,1,12678.4
용산구,3,0,0,0,9476.6
용산구,45,1,0,0,9793.0
용산구,52,0,1,0,9326.1
용산구,172,1,0,1,10281.1
용산구,19,0,0,1,8629.9
마포구,0,0,0,1,11353.6
마포구,13,0,0,0,10609.2
마포구,0,0,0,1,10987.3
마포구,88,1,1,1,11470.4
마포구,29,0,1,1,12188.8
마포구,118,1,1,11,11357.9
마포구,54,0,1,1,10529.5
마포구,60,0,0,0,10339.2
마포구,35,1,0,1,10791.5
마포구,1094,4,3,5,12665.8
양천구,19,0,0,0,9865.5
양천구,0,1,0,0,10911.4
양천구,10,0,1,0,9872.1
양천구,20,0,0,0,8150.1
양천구,66,1,1,0,10845.3
송파구,1,0,0,0,9358.1
송파구,1,0,0,0,11789.3
송파구,6,0,0,2,11377.9
송파구,12,0,0,0,9400.2
송파구,100,1,1,26,12185.6
송파구,216,2,1,22,12148.0
송파구,1,0,0,0,12070.8
송파구,0,0,0,1,12528.7
송파구,1,0,0,0,10308.5
관악구,78,0,0,2,11471.9
관악구,88,2,0,0,10937.0
관악구,29,0,0,3,10672.5
관악구,45,1,2,10,12096.2
관악구,75,1,0,4,10778.0
관악구,82,0,0,9,11495.7
관악구,26,0,0,1,10457.4
관악구,71,0,0,35,11026.1
관악구,80,0,1,22,11656.1
금천구,0,0,0,0,11354.3
금천구,0,0,0,0,11559.2
금천구,36,1,1,3,11289.1
금천구,104,0,2,4,11295.6
금천구,1,0,0,0,6314.1
금천구,54,0,1,10,12155.1
강동구,18,0,1,0,11390.4
강동구,52,0,6,24,11858.8
강동구,43,1,1,0,10789.8
강동구,90,0,1,0,11010.3
강동구,16,0,0,0,9914.4
강동구,171,1,2,28,12289.4
영등포구,2,0,0,1,10904.5
영등포구,5,0,0,4,12197.5
영등포구,30,0,0,2,10340.6
영등포구,53,1,0,1,10716.5
영등포구,10,0,0,0,11269.4
영등포구,21,0,0,0,12082.2
영등포구,5,0,0,0,12474.9
영등포구,128,0,0,1,10710.0
영등포구,268,0,1,4,11040.3
영등포구,20,0,0,4,11096.9
영등포구,173,1,1,52,11761.7
영등포구,99,2,2,3,12018.2
영등포구,40,0,0,3,10396.3
동작구,60,0,0,1,10720.0
동작구,21,2,0,0,9977.3
동작구,176,2,1,3,11117.8
동작구,84,0,1,3,10731.4
동작구,3,0,0,0,10932.2
동작구,152,0,0,6,11375.3
동작구,43,0,0,0,12152.0
강북구,88,0,1,17,11146.0
강북구,39,0,0,18,11182.8
강북구,127,0,1,13,11311.1
강북구,54,1,0,3,10234.2
노원구,12,0,0,0,10171.6
노원구,14,0,0,15,11304.3
노원구,118,1,0,0,11882.9
노원구,3,0,0,0,10701.4
성북구,125,1,3,2,11008.9
성북구,18,0,0,0,9007.3
성북구,15,1,4,0,10461.4
성북구,12,0,0,0,10915.9
성북구,256,3,0,9,11525.6
성북구,56,0,0,0,10274.8
강남구,133,0,1,4,12216.0
강남구,197,1,0,1,11328.1
강남구,72,0,0,0,10796.4
강남구,64,0,0,1,11244.3
강남구,67,0,0,3,10774.9
강남구,129,4,3,6,12703.7
강남구,18,1,0,2,10484.0
강남구,76,2,1,2,10997.9
강남구,5,0,1,0,10495.6
강남구,193,1,2,1,10821.1
강남구,60,2,1,0,12184.1
강남구,19,0,1,2,11578.2
강남구,25,0,0,1,11144.2
강남구,7,0,0,1,11817.1
강남구,116,0,1,1,12192.5
강남구,22,0,1,8,11708.5
강남구,54,1,0,0,10352.8
강남구,15,1,1,1,11667.5
강남구,186,1,0,3,12316.4
강남구,98,1,0,10,12475.1
강남구,258,3,2,3,12004.4
강남구,29,0,0,0,10053.3
강남구,2,0,0,0,9490.2
강남구,8,0,1,0,10168.6
강남구,52,0,3,1,10806.5
강남구,40,1,0,0,11867.5
강남구,74,0,0,0,10967.8
강남구,110,0,1,16,12361.4
강남구,13,0,0,0,9477.9
강남구,10,0,0,0,9457.5
강남구,11,1,0,0,9516.2
강남구,8,1,0,0,9572.6
강남구,32,0,0,0,9991.4
강남구,13,1,0,1,9862.5
강남구,59,2,0,0,10703.3
강남구,28,1,1,0,10719.5
강남구,91,0,0,0,10978.7
강남구,98,2,2,4,11168.4
강남구,242,1,1,0,11365.7
강남구,438,3,5,3,11971.7
강남구,225,3,2,3,12164.2
강남구,48,0,1,0,11048.9
강남구,31,1,1,2,11046.2
강남구,38,0,0,1,10045.3
강남구,169,2,3,5,12661.4
강남구,12,0,1,19,11479.2
강남구,22,0,1,2,10021.2
강남구,81,3,2,0,11215.2
강남구,41,0,2,1,10053.2
강남구,18,1,1,0,10306.2
강남구,65,2,0,0,10591.7
강남구,20,0,1,2,10699.8
강남구,1,1,0,1,13287.8
강남구,85,0,0,5,11733.4
강남구,33,0,0,2,11789.8
광진구,1,0,0,0,10975.5
광진구,63,1,1,0,10675.0
광진구,216,0,0,1,11426.1
광진구,96,0,0,3,11328.7
광진구,74,1,2,2,11173.0
광진구,50,0,0,2,11250.9
동대문구,208,0,1,1,10174.8
동대문구,152,1,1,0,10985.1
동대문구,89,0,0,0,10713.3
동대문구,24,1,1,0,10328.0
동대문구,60,1,2,10,11894.7
동대문구,171,1,0,12,11755.7
동대문구,65,0,1,3,10841.6
동대문구,34,2,1,2,10571.6
동대문구,64,0,2,3,11053.6
은평구,112,0,1,14,11210.1
은평구,64,0,0,3,9785.1
은평구,149,1,1,5,11109.5
은평구,33,0,0,4,10556.0
중구,346,3,0,30,12551.6
중구,98,2,0,8,11415.1
중구,110,0,0,29,11945.7
중구,44,0,0,3,11439.9
중구,25,2,0,2,11470.9
중구,17,1,0,1,11372.0
중구,131,0,1,1,10717.7
중구,72,0,0,3,11140.8
중구,23,0,1,0,9271.2
중구,312,2,3,11,11816.2
중구,120,2,0,6,11202.3
중구,295,0,0,5,10660.7
중구,40,0,0,1,10075.5
중구,191,4,2,1,11222.0
중구,427,0,2,22,12067.1
중구,527,0,0,2,11544.0
중구,41,1,0,3,11816.8
중구,179,0,0,24,11675.6
중구,12,1,0,2,12770.5
성동구,27,0,1,3,11187.9
성동구,62,0,0,0,10887.8
성동구,38,0,0,0,10339.6
성동구,29,1,0,14,10670.2
구로구,2,0,0,0,8900.5
구로구,6,0,1,2,10618.1
구로구,27,0,0,0,9238.5
구로구,2,0,0,0,11182.7
구로구,81,0,1,19,11636.1
구로구,78,1,1,0,9953.3
구로구,6,0,0,0,9760.9
구로구,5,0,0,0,8374.7
구로구,34,0,0,2,9686.2
구로구,4,0,0,0,10850.0
서초구,222,1,1,1,11904.0
서초구,85,0,3,4,11405.6
서초구,24,0,0,0,10745.7
서초구,58,0,1,0,11156.2
서초구,30,1,1,0,10998.6
서초구,13,0,2,9,11781.5
서초구,45,1,0,0,10465.6
서초구,15,0,0,1,12413.7
서초구,71,1,0,2,11912.8
서초구,3,0,0,0,12453.7
서초구,0,0,0,1,11069.7
서초구,127,2,2,2,11680.7
서초구,63,0,0,1,10209.9
서초구,47,2,2,2,9803.5
서초구,101,1,0,0,10534.1
서초구,2,0,0,3,11999.1
서초구,85,0,0,1,10609.9
서초구,18,0,0,0,10730.9
서초구,1,0,0,0,10572.5
서초구,2,0,0,0,10934.1
서초구,58,0,0,1,10386.3
서초구,150,2,3,2,11103.9
서초구,170,0,1,1,11443.6
서초구,106,0,0,0,11854.6
종로구,269,0,1,17,10640.3
종로구,81,3,0,7,9320.9
종로구,104,7,1,5,11907.9
종로구,0,0,0,0,0.0
종로구,1,0,0,0,5092.6
종로구,158,0,0,3,8611.2
종로구,90,11,1,0,10667.0
종로구,57,0,0,0,9722.4
종로구,200,3,1,1,10911.1
종로구,21,0,0,1,6670.7
종로구,95,0,1,1,10305.1
종로구,98,1,0,0,10121.6
종로구,13,0,0,0,11142.6
종로구,133,3,2,1,11844.1
종로구,258,0,1,10,10661.9
종로구,84,0,0,1,9887.8
종로구,188,1,2,18,10430.8
종로구,70,0,1,0,10826.3
종로구,320,20,0,16,11766.6
종로구,3,0,0,0,10646.5
종로구,141,0,0,8,11261.3
종로구,162,3,0,20,10790.6
종로구,385,3,2,45,11414.4
종로구,183,1,0,1,8635.1
종로구,190,0,0,0,9861.6
종로구,267,4,0,10,11605.9
용산구,145,2,0,3,10756.6
용산구,54,1,0,0,10275.1
용산구,170,1,1,2,10504.5
용산구,93,0,0,0,10379.3
용산구,6,1,0,1,12181.5
용산구,3,0,0,0,8620.3
용산구,45,1,0,0,8511.4
용산구,52,0,1,0,8822.6
용산구,173,1,0,1,9614.6
용산구,19,0,0,1,8471.3
마포구,0,0,0,1,10888.3
마포구,13,0,0,0,9810.8
마포구,0,0,0,1,10850.7
마포구,88,1,1,1,11057.3
마포구,29,0,1,1,11583.7
마포구,118,1,1,11,10798.3
마포구,54,0,1,1,9983.0
마포구,60,0,0,0,10022.5
마포구,35,1,0,1,10606.8
마포구,1094,4,3,5,12497.2
양천구,19,0,0,0,9624.2
양천구,0,1,0,0,10924.7
양천구,10,0,1,0,9335.5
양천구,20,0,0,0,7669.0
양천구,66,1,1,0,10601.5
송파구,1,0,0,0,9286.4
송파구,1,0,0,0,11591.8
송파구,6,0,0,2,11245.4
송파구,13,0,0,0,9250.6
송파구,100,1,1,26,12010.5
송파구,216,2,1,22,11872.5
송파구,1,0,0,0,12047.4
송파구,0,0,0,1,12337.8
송파구,1,0,0,0,10230.5
관악구,78,0,0,2,11061.9
관악구,88,2,0,0,10574.2
관악구,29,0,0,3,10435.0
관악구,45,1,2,10,11670.9
관악구,75,1,0,3,10307.3
관악구,82,0,0,9,11298.3
관악구,26,0,0,1,10217.8
관악구,71,0,0,35,10679.2
관악구,80,0,1,22,11424.8
금천구,0,0,0,0,11041.6
금천구,0,0,0,0,11308.9
금천구,36,1,1,3,11037.5
금천구,105,0,2,4,11020.9
금천구,1,0,0,0,5861.7
금천구,54,0,1,10,11681.0
강동구,18,0,1,0,11209.8
강동구,52,0,6,24,11832.7
강동구,43,1,1,0,10500.7
강동구,90,0,1,0,10678.7
강동구,16,0,0,0,9688.9
강동구,171,1,2,28,12025.4
영등포구,2,0,0,1,10540.6
영등포구,5,0,0,4,11600.8
영등포구,30,0,0,2,10121.1
영등포구,55,1,0,1,10387.3
영등포구,10,0,0,0,11018.5
영등포구,21,0,0,0,11692.8
영등포구,5,0,0,0,11921.1
영등포구,128,0,0,1,10438.0
영등포구,268,0,1,4,10713.7
영등포구,20,0,0,4,10807.2
영등포구,172,1,1,53,11507.7
영등포구,99,2,2,3,11663.1
영등포구,40,0,0,3,9796.3
동작구,59,0,0,1,10441.7
동작구,21,2,0,0,9216.4
동작구,176,2,1,3,10850.9
동작구,84,0,1,3,10511.7
동작구,3,0,0,0,10704.5
동작구,152,0,0,6,10982.7
동작구,43,0,0,0,11716.3
강북구,88,0,1,17,11101.4
강북구,38,0,0,18,10968.9
강북구,127,0,1,13,11107.6
강북구,55,1,0,2,10115.0
노원구,12,0,0,0,9792.3
노원구,15,0,0,15,11156.3
노원구,118,1,0,0,11709.2
노원구,3,0,0,0,10348.0
성북구,124,1,3,2,10678.3
성북구,18,0,0,0,8643.6
성북구,15,1,4,0,10186.5
성북구,12,0,0,0,10697.9
성북구,256,3,0,9,11284.7
성북구,56,0,0,0,10171.7
강남구,133,0,1,4,12018.4
강남구,198,1,0,1,11181.7
강남구,72,0,0,0,10614.1
강남구,64,0,0,1,11104.7
강남구,67,0,0,3,10648.6
강남구,129,4,3,6,12472.3
강남구,18,1,0,2,10271.1
강남구,77,2,1,2,10475.4
강남구,5,0,1,0,10527.5
강남구,193,1,2,1,10589.6
강남구,60,2,1,0,12008.2
강남구,19,0,1,2,11479.7
강남구,25,0,0,1,11072.0
강남구,8,0,0,1,11599.5
강남구,116,0,1,1,12036.0
강남구,22,0,1,8,11322.6
강남구,54,1,0,0,10308.7
강남구,16,1,1,1,11544.5
강남구,186,1,0,3,12168.8
강남구,98,1,0,10,12344.2
강남구,258,3,2,3,11901.6
강남구,29,0,0,0,9831.8
강남구,2,0,0,0,9591.9
강남구,8,0,1,0,10095.6
강남구,52,0,3,1,10610.9
강남구,41,1,0,0,11658.3
강남구,74,0,0,0,10764.6
강남구,110,0,1,16,12216.6
강남구,13,0,0,0,9443.7
강남구,10,0,0,0,9415.7
강남구,11,1,0,0,9276.1
강남구,8,1,0,0,9350.3
강남구,32,0,0,0,9810.3
강남구,13,1,0,1,9791.3
강남구,60,2,0,0,10428.0
강남구,28,1,1,0,10503.3
강남구,91,0,0,0,10955.1
강남구,98,2,2,4,10857.4
강남구,243,1,1,0,11240.7
강남구,439,3,5,3,11872.5
강남구,225,3,2,3,12130.6
강남구,48,0,1,0,10707.6
강남구,32,1,1,2,10777.4
강남구,38,0,0,1,9759.0
강남구,168,2,3,5,12349.9
강남구,12,0,1,19,11205.7
강남구,22,0,1,2,9906.1
강남구,81,3,2,0,11230.5
강남구,41,0,2,1,9761.9
강남구,18,1,1,0,10088.2
강남구,65,2,0,0,10189.2
강남구,20,0,1,2,10411.6
강남구,1,1,0,1,13122.4
강남구,85,0,0,5,11663.9
강남구,33,0,0,2,11649.8
광진구,1,0,0,0,10250.4
광진구,63,1,1,0,10662.8
광진구,216,0,0,1,11311.8
광진구,96,0,0,3,11001.8
광진구,74,1,2,2,10981.1
광진구,50,0,0,2,10895.3
동대문구,208,0,1,1,9964.0
동대문구,152,1,1,0,10656.1
동대문구,89,0,0,0,10580.6
동대문구,24,1,1,0,10002.4
동대문구,60,1,2,10,11446.2
동대문구,171,1,0,12,11352.7
동대문구,65,0,1,3,10456.3
동대문구,34,2,1,2,10376.3
동대문구,64,0,2,3,10631.4
은평구,112,0,1,14,10686.5
은평구,64,0,0,3,9383.0
은평구,149,1,1,5,10787.2
은평구,33,0,0,4,10335.2
중구,346,3,0,30,12424.9
중구,98,2,0,8,11146.6
중구,110,0,0,29,11570.3
중구,44,0,0,3,10907.0
중구,25,2,0,2,10995.7
중구,17,1,0,1,10748.5
중구,131,0,1,1,10538.6
중구,72,0,0,3,10998.4
중구,23,0,1,0,9194.0
중구,312,2,3,11,11292.3
중구,117,2,0,6,10529.3
중구,295,0,0,5,10134.7
중구,40,0,0,1,10017.4
중구,191,4,2,1,10956.1
중구,427,0,2,22,11893.5
중구,527,0,0,2,11242.8
중구,41,1,0,3,11760.1
중구,179,0,0,24,11426.4
중구,13,1,0,2,12404.4
성동구,27,0,1,3,10761.3
성동구,62,0,0,0,10790.3
성동구,38,0,0,0,10166.7
성동구,29,1,0,14,10380.0
구로구,2,0,0,0,8474.9
구로구,6,0,1,2,10298.7
구로구,27,0,0,0,8741.9
구로구,2,0,0,0,11017.8
구로구,81,0,1,19,11197.7
구로구,78,1,1,0,9637.1
구로구,6,0,0,0,9113.8
구로구,5,0,0,0,8129.9
구로구,34,0,0,2,9459.5
구로구,4,0,0,0,10407.3
서초구,224,1,1,1,11564.5
서초구,85,0,3,4,10802.3
서초구,24,0,0,0,10202.8
서초구,57,0,1,0,10597.0
서초구,30,1,1,0,10365.3
서초구,13,0,2,9,11148.7
서초구,45,1,0,0,9808.2
서초구,15,0,0,1,11771.2
서초구,71,1,0,2,11491.4
서초구,3,0,0,0,12181.1
서초구,0,0,0,1,10868.5
서초구,127,2,2,2,11299.7
서초구,63,0,0,1,10201.4
서초구,47,2,2,2,9791.3
서초구,101,1,0,0,10334.6
서초구,2,0,0,3,11394.0
서초구,85,0,0,1,10562.2
서초구,18,0,0,0,10060.4
서초구,1,0,0,0,9785.4
서초구,2,0,0,0,10142.1
서초구,58,0,0,1,10291.3
서초구,149,2,3,2,10609.5
서초구,171,0,1,1,10840.8
서초구,106,0,0,0,10984.7
종로구,269,0,1,17,10346.0
종로구,81,3,0,7,8670.1
종로구,105,7,1,5,11803.7
종로구,0,0,0,0,0.0
종로구,1,0,0,0,4730.4
종로구,158,0,0,3,8254.9
종로구,91,11,1,0,10746.8
종로구,57,0,0,0,9186.4
종로구,200,3,1,1,10831.3
종로구,21,0,0,1,6456.2
종로구,95,0,1,1,10209.5
종로구,98,1,0,0,9931.1
종로구,13,0,0,0,11243.4
종로구,133,3,2,1,11535.9
종로구,258,0,1,10,10662.9
종로구,84,0,0,1,9683.0
종로구,188,1,2,18,10274.8
종로구,70,0,1,0,10660.8
종로구,320,20,0,16,11813.4
종로구,3,0,0,0,10343.1
종로구,141,0,0,8,11277.8
종로구,162,3,0,20,10495.6
종로구,385,3,2,45,11409.5
종로구,182,1,0,1,8480.4
종로구,190,0,0,0,9806.4
종로구,267,4,0,10,11505.7
용산구,145,2,0,3,10860.4
용산구,54,1,0,0,9992.4
용산구,170,1,1,2,10475.0
용산구,93,0,0,0,10382.6
용산구,6,1,0,1,12140.4
용산구,3,0,0,0,8382.5
용산구,45,1,0,0,8628.5
용산구,52,0,1,0,8749.7
용산구,173,1,0,1,9357.9
용산구,19,0,0,1,8264.9
마포구,0,0,0,1,11024.0
마포구,13,0,0,0,10167.7
마포구,0,0,0,1,10872.7
마포구,88,1,1,1,10874.7
마포구,29,0,1,1,11355.6
마포구,118,1,1,11,10754.6
마포구,54,0,1,1,9906.6
마포구,60,0,0,0,9826.0
마포구,35,1,0,1,10461.3
마포구,1095,4,3,5,12260.9
양천구,19,0,0,0,9575.5
양천구,0,1,0,0,10704.4
양천구,10,0,1,0,9290.5
양천구,21,0,0,0,7444.9
양천구,66,1,1,0,10059.9
송파구,1,0,0,0,8610.1
송파구,1,0,0,0,10728.4
송파구,6,0,0,2,10639.7
송파구,13,0,0,0,9009.3
송파구,100,1,1,26,11708.8
송파구,216,2,1,22,11625.4
송파구,1,0,0,0,11464.1
송파구,0,0,0,1,11995.3
송파구,1,0,0,0,10329.0
관악구,78,0,0,2,10826.1
관악구,88,2,0,0,10264.7
관악구,29,0,0,3,10291.2
관악구,45,1,2,10,11254.4
관악구,75,1,0,3,9885.1
관악구,82,0,0,9,11246.4
관악구,26,0,0,1,10567.4
관악구,71,0,0,35,10450.1
관악구,80,0,1,22,10995.5
금천구,0,0,0,0,10804.6
금천구,0,0,0,0,11163.8
금천구,36,1,1,3,10698.0
금천구,105,0,2,4,10703.7
금천구,1,0,0,0,5498.0
금천구,54,0,1,10,11682.3
강동구,18,0,1,0,10674.5
강동구,52,0,6,24,11351.7
강동구,43,1,1,0,10144.2
강동구,90,0,1,0,10525.9
강동구,16,0,0,0,9279.6
강동구,171,1,2,28,11769.7
영등포구,2,0,0,1,10661.6
영등포구,5,0,0,4,11537.2
영등포구,30,0,0,2,9815.5
영등포구,55,1,0,1,10294.8
영등포구,10,0,0,0,11120.6
영등포구,21,0,0,0,11674.2
영등포구,5,0,0,0,11821.1
영등포구,127,0,0,1,10309.8
영등포구,262,0,1,4,10520.4
영등포구,20,0,0,4,11038.0
영등포구,172,1,1,53,11487.0
영등포구,99,2,2,3,11420.0
영등포구,40,0,0,3,9640.4
동작구,59,0,0,1,10301.4
동작구,21,2,0,0,8961.2
동작구,176,2,1,3,10660.9
동작구,84,0,1,3,10335.3
동작구,3,0,0,0,10516.5
동작구,151,0,0,6,10904.8
동작구,44,0,0,0,11523.8
강북구,88,0,1,17,10661.9
강북구,38,0,0,18,10514.7
강북구,127,0,1,13,10687.2
강북구,55,1,0,2,9903.2
노원구,12,0,0,0,9772.9
노원구,15,0,0,15,10712.2
노원구,118,1,0,0,11526.2
노원구,3,0,0,0,9377.3
강남구,134,0,1,4,11388.0
강남구,197,1,0,1,11024.2
강남구,72,0,0,0,10239.7
강남구,64,0,0,1,10507.8
강남구,67,0,0,3,10274.2
강남구,129,4,3,6,11963.6
강남구,18,1,0,2,9578.2
강남구,77,2,1,2,10059.2
강남구,5,0,1,0,10336.0
강남구,194,1,2,1,10311.2
강남구,61,2,1,0,11320.7
강남구,19,0,1,2,10922.1
강남구,25,0,0,1,10635.0
강남구,8,0,0,1,10787.4
강남구,116,0,1,1,11316.2
강남구,21,0,1,8,10672.2
강남구,54,1,0,0,9836.0
강남구,16,1,1,1,11007.9
강남구,186,1,0,3,11879.5
강남구,98,1,0,10,11794.1
강남구,259,3,2,3,11732.5
강남구,30,0,0,0,9001.4
강남구,2,0,0,0,9284.6
강남구,8,0,1,0,9972.7
강남구,51,0,3,1,10262.9
강남구,41,1,0,0,10844.4
강남구,73,0,0,0,10172.2
강남구,110,0,1,16,11983.8
강남구,13,0,0,0,8960.4
강남구,10,0,0,0,9388.2
강남구,11,1,0,0,9247.1
강남구,8,1,0,0,8869.2
강남구,32,0,0,0,9110.9
강남구,13,1,0,1,9804.0
강남구,61,2,0,0,10282.8
강남구,28,1,1,0,9934.0
강남구,91,0,0,0,10748.9
강남구,98,2,2,4,10582.3
강남구,243,1,1,0,11095.5
강남구,439,3,5,3,11691.7
강남구,228,3,2,3,11949.3
강남구,48,0,1,0,10511.4
강남구,32,1,1,2,10456.5
강남구,38,0,0,1,9614.4
강남구,169,2,3,7,12004.8
강남구,12,0,1,19,10704.1
강남구,22,0,1,2,9526.1
강남구,81,3,2,0,11017.4
강남구,41,0,2,1,9768.4
강남구,18,1,1,0,9488.0
강남구,65,2,0,0,9656.0
강남구,20,0,1,2,9990.0
강남구,1,1,0,1,12749.2
강남구,85,0,0,5,10778.5
강남구,33,0,0,2,11207.7
성북구,123,1,3,2,10187.9
성북구,18,0,0,0,8421.1
성북구,15,1,4,0,9689.1
성북구,12,0,0,0,10517.8
성북구,256,3,0,9,11361.5
성북구,56,0,0,0,9912.0
광진구,1,0,0,0,10184.5
광진구,63,1,1,0,10495.4
광진구,216,0,0,1,11144.2
광진구,96,0,0,3,10676.9
광진구,74,1,2,2,10587.6
광진구,50,0,0,2,10657.0
동대문구,208,0,1,1,9856.7
동대문구,152,1,1,0,10271.5
동대문구,89,0,0,0,10371.2
동대문구,24,1,1,0,9712.9
동대문구,60,1,2,10,11201.2
동대문구,171,1,0,12,11281.6
동대문구,65,0,1,3,10203.3
동대문구,34,2,1,2,10254.2
동대문구,64,0,2,3,10401.7
은평구,112,0,1,14,10472.3
은평구,64,0,0,3,9238.7
은평구,149,1,1,5,10684.7
은평구,33,0,0,4,10194.4
중구,345,3,0,31,12278.0
중구,98,2,0,8,11024.2
중구,110,0,0,29,11514.6
중구,44,0,0,3,10938.1
중구,25,2,0,2,11141.7
중구,17,1,0,1,10453.5
중구,131,0,1,1,10154.6
중구,72,0,0,3,10839.4
중구,23,0,1,0,9009.4
중구,312,2,3,11,11390.4
중구,115,2,0,6,10549.6
중구,295,0,0,5,10132.2
중구,40,0,0,1,9879.9
중구,191,4,2,1,10862.5
중구,427,0,2,21,11615.4
중구,527,0,0,2,11242.5
중구,41,1,0,3,12007.3
중구,179,0,0,24,11306.6
중구,13,1,0,2,12285.0
성동구,27,0,1,3,10251.6
성동구,62,0,0,0,10506.6
성동구,38,0,0,0,9957.8
성동구,29,1,0,14,10129.3
구로구,2,0,0,0,9438.1
구로구,6,0,1,2,10098.5
구로구,27,0,0,0,8542.8
구로구,2,0,0,0,11074.3
구로구,80,0,1,19,11074.4
구로구,78,1,1,0,9551.9
구로구,6,0,0,0,8979.3
구로구,5,0,0,0,8180.2
구로구,34,0,0,2,9378.0
구로구,4,0,0,0,10339.2
서초구,224,1,1,1,11412.4
서초구,84,0,3,4,10791.2
서초구,24,0,0,0,10380.1
서초구,57,0,1,0,10721.8
서초구,30,1,1,0,10376.1
서초구,13,0,2,9,11123.6
서초구,45,1,0,0,9919.8
서초구,15,0,0,1,11842.5
서초구,71,1,0,2,11451.3
서초구,3,0,0,0,12224.8
서초구,0,0,0,1,10904.2
서초구,128,2,2,2,11245.7
서초구,63,0,0,1,10194.7
서초구,47,2,2,2,9637.3
서초구,102,1,0,0,10281.2
서초구,2,0,0,3,11308.6
서초구,85,0,0,1,10410.4
서초구,18,0,0,0,10169.7
서초구,1,0,0,0,10096.7
서초구,2,0,0,0,9937.8
서초구,61,0,0,1,10196.8
서초구,151,2,3,2,10569.4
서초구,170,0,1,1,10689.5
서초구,106,0,0,0,11001.0
종로구,268,0,1,17,10279.6
종로구,81,3,0,8,8294.1
종로구,105,7,1,5,12163.8
종로구,0,0,0,0,0.0
종로구,1,0,0,0,4322.7
종로구,158,0,0,3,7824.3
종로구,91,11,1,0,10561.1
종로구,57,0,0,0,9040.3
종로구,200,3,1,1,10856.5
종로구,21,0,0,1,6453.1
종로구,95,0,1,1,10203.3
종로구,99,1,0,0,9887.7
종로구,13,0,0,0,11590.1
종로구,133,3,2,1,11721.3
종로구,258,0,1,10,10778.7
종로구,84,0,0,1,9522.2
종로구,188,1,2,18,10660.2
종로구,70,0,1,0,10464.8
종로구,319,20,0,16,12213.1
종로구,3,0,0,0,10361.9
종로구,141,0,0,8,11299.9
종로구,162,3,0,20,10465.9
종로구,385,3,2,45,11315.0
종로구,182,1,0,1,8369.1
종로구,190,0,0,0,9633.3
종로구,267,4,0,10,11598.0
용산구,145,2,0,3,10782.6
용산구,54,1,0,0,10247.4
용산구,170,1,1,2,10670.2
용산구,93,0,0,0,10211.8
용산구,6,1,0,1,12242.3
용산구,3,0,0,0,9132.8
용산구,45,1,0,0,9794.9
용산구,50,0,1,0,9051.6
용산구,174,1,0,1,9886.7
용산구,19,0,0,1,8130.9
마포구,0,0,0,1,11398.8
마포구,13,0,0,0,10415.9
마포구,0,0,0,1,10825.9
마포구,88,1,1,1,11000.8
마포구,29,0,1,1,11673.1
마포구,118,1,1,11,10578.2
마포구,54,0,1,1,10239.4
마포구,61,0,0,0,9833.0
마포구,35,1,0,1,10629.8
마포구,1096,4,3,5,12374.6
양천구,20,0,0,0,9486.3
양천구,0,1,0,0,10842.5
양천구,10,0,1,0,9714.9
양천구,21,0,0,0,7281.0
양천구,66,1,1,0,10008.0
송파구,1,0,0,0,8653.7
송파구,1,0,0,0,10723.4
송파구,6,0,0,2,10501.1
송파구,13,0,0,0,8931.1
송파구,100,1,1,26,11413.1
송파구,216,2,1,22,11588.7
송파구,1,0,0,0,11544.3
송파구,0,0,0,1,12329.4
송파구,1,0,0,0,10308.2
관악구,78,0,0,2,10732.0
관악구,88,2,0,0,10187.8
관악구,29,0,0,3,10145.1
관악구,42,1,2,8,11241.1
관악구,75,1,0,3,9750.1
관악구,82,0,0,9,11123.8
관악구,26,0,0,1,10945.1
관악구,71,0,0,35,10280.0
관악구,80,0,1,22,11017.5
금천구,0,0,0,0,10950.5
금천구,0,0,0,0,11119.6
금천구,36,1,1,3,10681.6
금천구,105,0,2,4,10899.8
금천구,1,0,0,0,3743.2
금천구,55,0,1,9,11939.1
강동구,18,0,1,0,10642.8
강동구,52,0,6,24,11351.8
강동구,42,1,1,0,10053.1
강동구,90,0,1,0,10357.2
강동구,16,0,0,0,9145.5
강동구,171,1,2,28,11643.8
영등포구,2,0,0,1,10824.6
영등포구,5,0,0,4,11916.2
영등포구,30,0,0,2,9773.4
영등포구,55,1,0,1,10484.7
영등포구,10,0,0,0,11371.8
영등포구,21,0,0,0,11888.9
영등포구,5,0,0,0,12106.1
영등포구,127,0,0,1,10100.3
영등포구,259,0,1,4,10175.4
영등포구,20,0,0,4,11076.1
영등포구,172,1,1,53,11298.5
영등포구,99,2,2,3,11621.3
영등포구,40,0,0,3,9713.3
동작구,59,0,0,1,10271.5
동작구,20,2,0,0,8503.5
동작구,176,2,1,3,10665.6
동작구,84,0,1,3,10266.6
동작구,3,0,0,0,10890.4
동작구,151,0,0,6,10762.0
동작구,44,0,0,0,11634.8
강북구,88,0,1,17,10769.8
강북구,38,0,0,18,10477.3
강북구,127,0,1,13,10584.3
강북구,55,1,0,2,9650.5
노원구,12,0,0,0,9815.9
노원구,15,0,0,15,10600.6
노원구,118,1,0,0,11478.9
노원구,3,0,0,0,9966.0
강남구,134,0,1,4,11354.7
강남구,197,1,0,1,10836.1
강남구,72,0,0,0,10222.8
강남구,63,0,0,1,10293.5
강남구,66,0,0,3,10442.1
강남구,130,4,3,6,12034.2
강남구,18,1,0,2,9510.3
강남구,79,2,1,2,9898.4
강남구,5,0,1,0,10355.4
강남구,194,1,2,1,10102.4
강남구,61,2,1,0,11355.4
강남구,19,0,1,2,11044.1
강남구,25,0,0,1,10825.6
강남구,8,0,0,1,10931.1
강남구,115,0,1,1,11543.7
강남구,21,0,1,8,10829.5
강남구,54,1,0,0,9718.3
강남구,15,1,1,1,10965.9
강남구,187,1,0,3,11915.0
강남구,99,1,0,10,11884.2
강남구,258,3,2,3,11483.5
강남구,30,0,0,0,9267.7
강남구,2,0,0,0,9148.6
강남구,8,0,1,0,9875.1
강남구,51,0,3,1,10465.5
강남구,42,1,0,0,10882.8
강남구,73,0,0,0,10236.0
강남구,111,0,1,16,11928.7
강남구,13,0,0,0,8768.2
강남구,10,0,0,0,9231.2
강남구,11,1,0,0,9249.9
강남구,8,1,0,0,8717.3
강남구,32,0,0,0,8958.5
강남구,13,1,0,1,9702.7
강남구,62,2,0,0,10203.5
강남구,29,1,1,0,9875.6
강남구,91,0,0,0,10590.5
강남구,98,2,2,4,10620.0
강남구,244,1,1,0,11102.5
강남구,440,3,5,3,11470.3
강남구,228,3,2,3,11838.7
강남구,48,0,1,0,10550.2
강남구,32,1,1,2,10345.0
강남구,38,0,0,1,9540.8
강남구,168,2,3,7,11917.1
강남구,12,0,1,19,10618.1
강남구,22,0,1,2,9401.1
강남구,81,3,2,0,10929.3
강남구,42,0,2,1,9541.2
강남구,18,1,1,0,9484.3
강남구,65,2,0,0,9369.4
강남구,20,0,1,2,9838.6
강남구,1,1,0,1,12514.3
강남구,85,0,0,5,10693.8
강남구,33,0,0,2,10958.1
성북구,122,1,3,2,10057.4
성북구,18,0,0,0,8495.3
성북구,15,1,4,0,9705.5
성북구,12,0,0,0,10324.0
성북구,255,3,0,9,11107.8
성북구,56,0,0,0,9848.4
광진구,1,0,0,0,10032.8
광진구,63,1,1,0,10175.0
광진구,216,0,0,1,11189.1
광진구,96,0,0,3,10429.1
광진구,74,1,2,2,10401.9
광진구,50,0,0,2,10545.7
동대문구,208,0,1,1,9554.6
동대문구,152,1,1,0,10412.5
동대문구,89,0,0,0,10128.1
동대문구,24,1,1,0,9657.5
동대문구,60,1,2,10,11049.8
동대문구,171,1,0,12,11268.9
동대문구,64,0,1,3,10348.0
동대문구,34,2,1,2,10283.0
동대문구,64,0,2,3,10485.0
은평구,112,0,1,14,10535.7
은평구,64,0,0,3,9110.0
은평구,150,1,1,5,10520.0
은평구,34,0,0,4,10030.3
중구,345,2,0,31,12210.7
중구,98,2,0,8,11178.2
중구,110,0,0,29,11449.8
중구,44,0,0,3,11156.4
중구,25,2,0,2,11714.7
중구,17,1,0,1,10746.3
중구,131,0,1,1,10035.5
중구,72,0,0,3,10757.3
중구,23,0,1,0,9030.0
중구,312,2,3,11,11662.6
중구,115,2,0,6,10791.3
중구,295,0,0,5,10287.7
중구,40,0,0,1,9729.5
중구,191,4,2,1,11088.0
중구,427,0,2,21,11570.5
중구,527,0,0,2,11347.4
중구,41,1,0,3,12358.3
중구,180,0,0,24,11207.5
중구,13,1,0,2,12294.7
성동구,27,0,1,3,10410.7
성동구,62,0,0,0,10473.8
성동구,38,0,0,0,9657.9
성동구,29,1,0,14,9961.5